pair_name,model,source_profile_id,source_platform,predicted_profile_id,predicted_platform,is_correct_top1,predicted_match_probability,clip_cosine,face_cosine,fused_cosine,clip_l2,face_l2,true_candidate_in_topk
pairs_twitter_instagram,RF,giuseppeazzaro,twitter,giuseppeazzaro,instagram,1,1.0,1.0,1.0,1.0,0.0,0.0,1
pairs_twitter_instagram,RF,ryanthompson,twitter,ryanthompson,instagram,1,1.0,1.0,1.0,1.0,0.0,0.0,1
pairs_twitter_instagram,RF,jamessacci,twitter,jamessacci,instagram,1,1.0,1.0,1.0,1.0,0.0,0.0,1
pairs_twitter_instagram,RF,robingood,twitter,robingood,instagram,1,1.0,1.0,1.0,1.0,0.0,0.0,1
pairs_twitter_instagram,RF,voreshkov,twitter,voreshkov,instagram,1,1.0,1.0,1.0,1.0,0.0,0.0,1
pairs_twitter_instagram,RF,sicarpv,twitter,sicarpv,instagram,1,1.0,1.0,1.0,1.0,0.0,0.0,1
pairs_twitter_instagram,RF,sanahsayani,twitter,sanahsayani,instagram,1,1.0,1.0,1.0,1.0,0.0,0.0,1
pairs_twitter_instagram,RF,stephintoronto,twitter,stephintoronto,instagram,1,1.0,1.0,1.0,1.0,0.0,0.0,1
pairs_twitter_instagram,RF,intelligenius,twitter,intelligenius,instagram,1,1.0,1.0,1.0,1.0,0.0,0.0,1
pairs_twitter_instagram,RF,ilario,twitter,ilario,instagram,1,1.0,1.0,1.0,1.0,0.0,0.0,1
pairs_twitter_instagram,RF,ravenlynch,twitter,ravenlynch,instagram,1,1.0,1.0,1.0,1.0,0.0,0.0,1
pairs_twitter_instagram,RF,talintyre,twitter,talintyre,instagram,1,1.0,1.0,1.0,1.0,0.0,0.0,1
pairs_twitter_instagram,RF,leannestaples,twitter,leannestaples,instagram,1,1.0,1.0,1.0,1.0,0.0,0.0,1
pairs_twitter_instagram,RF,oticasparis,twitter,oticasparis,instagram,1,1.0,1.0,1.0,1.0,0.0,0.0,1
pairs_twitter_instagram,RF,conradomacalossi,twitter,conradomacalossi,instagram,1,1.0,1.0,1.0,1.0,0.0,0.0,1
pairs_twitter_instagram,RF,wendytownley,twitter,wendytownley,instagram,1,1.0,1.0,1.0,1.0,0.0,0.0,1
pairs_twitter_instagram,RF,ilariapic,twitter,ilariapic,instagram,1,1.0,1.0,1.0,1.0,0.0,0.0,1
pairs_twitter_instagram,RF,irenegarmu,twitter,irenegarmu,instagram,1,1.0,1.0,1.0,1.0,0.0,0.0,1
pairs_twitter_instagram,RF,scottellisonphotography,twitter,scottellisonphotography,instagram,1,1.0,1.0,1.0,1.0,0.0,0.0,1
pairs_twitter_instagram,RF,antoniodomingo,twitter,antoniodomingo,instagram,1,1.0,1.0,1.0,1.0,0.0,0.0,1
pairs_twitter_instagram,RF,maxduke,twitter,maxduke,instagram,1,1.0,1.0,1.0,1.0,0.0,0.0,1
pairs_twitter_instagram,RF,multifacetsflux,twitter,multifacetsflux,instagram,1,1.0,1.0,1.0,1.0,0.0,0.0,1
pairs_twitter_instagram,RF,ljstubbs,twitter,ljstubbs,instagram,1,1.0,1.0,1.0,1.0,0.0,0.0,1
pairs_twitter_instagram,RF,ianedgar,twitter,ianedgar,instagram,1,1.0,1.0,1.0,1.0,0.0,0.0,1
pairs_twitter_instagram,RF,christopherspiewak,twitter,christopherspiewak,instagram,1,1.0,1.0,1.0,1.0,0.0,0.0,1
pairs_twitter_instagram,RF,vivekreddy,twitter,vivekreddy,instagram,1,1.0,1.0,1.0,1.0,0.0,0.0,1
pairs_twitter_instagram,RF,mitb,twitter,mitb,instagram,1,1.0,1.0,1.0,1.0,0.0,0.0,1
pairs_twitter_instagram,RF,speakingbadger,twitter,speakingbadger,instagram,1,1.0,1.0,1.0,1.0,0.0,0.0,1
pairs_twitter_instagram,RF,edesonsouza,twitter,edesonsouza,instagram,1,1.0,1.0,1.0,1.0,0.0,0.0,1
pairs_twitter_instagram,RF,ubskur,twitter,ubskur,instagram,1,1.0,1.0,1.0,1.0,0.0,0.0,1
pairs_twitter_instagram,RF,jmerkoski,twitter,jmerkoski,instagram,1,1.0,1.0,1.0,1.0,0.0,0.0,1
pairs_twitter_instagram,RF,camillerodriquez,twitter,camillerodriquez,instagram,1,1.0,1.0,1.0,1.0,0.0,0.0,1
pairs_twitter_instagram,RF,carlarozman,twitter,carlarozman,instagram,1,1.0,1.0,1.0,1.0,0.0,0.0,1
pairs_twitter_instagram,RF,andrearusky,twitter,andrearusky,instagram,1,1.0,1.0,1.0,1.0,0.0,0.0,1
pairs_twitter_instagram,RF,jeffmwebster,twitter,jeffmwebster,instagram,1,1.0,1.0,1.0,1.0,0.0,0.0,1
pairs_twitter_instagram,RF,mrandrewbradley,twitter,mrandrewbradley,instagram,1,1.0,1.0,1.0,1.0,0.0,0.0,1
pairs_twitter_instagram,RF,martinugalde,twitter,martinugalde,instagram,1,1.0,1.0,1.0,1.0,0.0,0.0,1
pairs_twitter_instagram,RF,dolphinsmind,twitter,dolphinsmind,instagram,1,1.0,1.0,1.0,1.0,0.0,0.0,1
pairs_twitter_instagram,RF,shawnmor,twitter,shawnmor,instagram,1,1.0,1.0,1.0,1.0,0.0,0.0,1
pairs_twitter_instagram,RF,thatgirlmegan,twitter,thatgirlmegan,instagram,1,1.0,1.0,1.0,1.0,0.0,0.0,1
pairs_twitter_instagram,RF,robertbarney,twitter,robertbarney,instagram,1,1.0,1.0,1.0,1.0,0.0,0.0,1
pairs_twitter_instagram,RF,pmilleredu,twitter,pmilleredu,instagram,1,1.0,1.0,1.0,1.0,0.0,0.0,1
pairs_twitter_instagram,RF,ericepetersen,twitter,ericepetersen,instagram,1,1.0,1.0,1.0,1.0,0.0,0.0,1
pairs_twitter_instagram,RF,edersonsandre,twitter,edersonsandre,instagram,1,1.0,1.0,1.0,1.0,0.0,0.0,1
pairs_twitter_instagram,RF,jonjohns,twitter,jonjohns,instagram,1,1.0,1.0,1.0,1.0,0.0,0.0,1
pairs_twitter_instagram,RF,denisdoeland,twitter,denisdoeland,instagram,1,1.0,1.0,1.0,1.0,0.0,0.0,1
pairs_twitter_instagram,RF,olivierbauermeister,twitter,olivierbauermeister,instagram,1,1.0,1.0,1.0,1.0,0.0,0.0,1
pairs_twitter_instagram,RF,dennissmith,twitter,dennissmith,instagram,1,1.0,1.0,1.0,1.0,0.0,0.0,1
pairs_twitter_instagram,RF,anitakilkenny,twitter,anitakilkenny,instagram,1,1.0,1.0,1.0,1.0,0.0,0.0,1
pairs_twitter_instagram,RF,jletti,twitter,jletti,instagram,1,1.0,1.0,1.0,1.0,0.0,0.0,1
pairs_twitter_instagram,RF,howielevy,twitter,howielevy,instagram,1,1.0,1.0,1.0,1.0,0.0,0.0,1
pairs_twitter_instagram,RF,diavianjacob,twitter,diavianjacob,instagram,1,1.0,1.0,1.0,1.0,0.0,0.0,1
pairs_twitter_instagram,RF,kimberlyrotter,twitter,kimberlyrotter,instagram,1,1.0,1.0,1.0,1.0,0.0,0.0,1
pairs_twitter_instagram,RF,nathanpduffy,twitter,nathanpduffy,instagram,1,1.0,1.0,1.0,1.0,0.0,0.0,1
pairs_twitter_instagram,RF,usuyu,twitter,usuyu,instagram,1,1.0,1.0,1.0,1.0,0.0,0.0,1
pairs_twitter_instagram,RF,elleneinkauf,twitter,elleneinkauf,instagram,1,1.0,1.0,1.0,1.0,0.0,0.0,1
pairs_twitter_instagram,RF,gleamland,twitter,gleamland,instagram,1,1.0,1.0,1.0,1.0,0.0,0.0,1
pairs_twitter_instagram,RF,alexsablan,twitter,alexsablan,instagram,1,1.0,1.0,1.0,1.0,0.0,0.0,1
pairs_twitter_instagram,RF,swarmster,twitter,swarmster,instagram,1,1.0,1.0,1.0,1.0,0.0,0.0,1
pairs_twitter_instagram,RF,kevinduane,twitter,kevinduane,instagram,1,1.0,1.0,1.0,1.0,0.0,0.0,1
pairs_twitter_instagram,RF,hakandahlstrom,twitter,hakandahlstrom,instagram,1,1.0,1.0,1.0,1.0,0.0,0.0,1
pairs_twitter_instagram,RF,sidede,twitter,sidede,instagram,1,1.0,1.0,1.0,1.0,0.0,0.0,1
pairs_twitter_instagram,RF,huko,twitter,huko,instagram,1,1.0,1.0,1.0,1.0,0.0,0.0,1
pairs_twitter_instagram,RF,martinrobinson,twitter,martinrobinson,instagram,1,1.0,1.0,1.0,1.0,0.0,0.0,1
pairs_twitter_instagram,RF,loig,twitter,loig,instagram,1,1.0,1.0,1.0,1.0,0.0,0.0,1
pairs_twitter_instagram,RF,peterkornaat,twitter,peterkornaat,instagram,1,1.0,1.0,1.0,1.0,0.0,0.0,1
pairs_twitter_instagram,RF,fullo,twitter,fullo,instagram,1,1.0,1.0,1.0,1.0,0.0,0.0,1
pairs_twitter_instagram,RF,elleiconlee,twitter,elleiconlee,instagram,1,1.0,1.0,1.0,1.0,0.0,0.0,1
pairs_twitter_instagram,RF,zeluiscorreia,twitter,zeluiscorreia,instagram,1,1.0,1.0,1.0,1.0,0.0,0.0,1
pairs_twitter_instagram,RF,patriciascholz,twitter,patriciascholz,instagram,1,1.0,1.0,1.0,1.0,0.0,0.0,1
pairs_twitter_instagram,RF,livej,twitter,livej,instagram,1,1.0,1.0,1.0,1.0,0.0,0.0,1
pairs_twitter_instagram,RF,lizandromelean,twitter,lizandromelean,instagram,1,1.0,1.0,1.0,1.0,0.0,0.0,1
pairs_twitter_instagram,RF,bornmannevan,twitter,bornmannevan,instagram,1,1.0,1.0,1.0,1.0,0.0,0.0,1
pairs_twitter_instagram,RF,adamchristianson,twitter,adamchristianson,instagram,1,1.0,1.0,1.0,1.0,0.0,0.0,1
pairs_twitter_instagram,RF,jasminrovira,twitter,jasminrovira,instagram,1,1.0,1.0,1.0,1.0,0.0,0.0,1
pairs_twitter_instagram,RF,richardharrington,twitter,richardharrington,instagram,1,1.0,1.0,1.0,1.0,0.0,0.0,1
pairs_twitter_instagram,RF,globomarketing,twitter,globomarketing,instagram,1,1.0,1.0,1.0,1.0,0.0,0.0,1
pairs_twitter_instagram,RF,countup,twitter,countup,instagram,1,1.0,1.0,1.0,1.0,0.0,0.0,1
pairs_twitter_instagram,RF,vehiclehistory,twitter,vehiclehistory,instagram,1,1.0,1.0,1.0,1.0,0.0,0.0,1
pairs_twitter_instagram,RF,chrisdate,twitter,chrisdate,instagram,1,1.0,1.0,1.0,1.0,0.0,0.0,1
pairs_twitter_instagram,RF,sercanparan,twitter,sercanparan,instagram,1,1.0,1.0,1.0,1.0,0.0,0.0,1
pairs_twitter_instagram,RF,sachiyokojima,twitter,sachiyokojima,instagram,1,1.0,1.0,1.0,1.0,0.0,0.0,1
pairs_twitter_instagram,RF,acanadianfoodie,twitter,acanadianfoodie,instagram,1,1.0,1.0,1.0,1.0,0.0,0.0,1
pairs_twitter_instagram,RF,conorgilmer,twitter,conorgilmer,instagram,1,1.0,1.0,1.0,1.0,0.0,0.0,1
pairs_twitter_instagram,RF,kinnajonsson,twitter,kinnajonsson,instagram,1,1.0,1.0,1.0,1.0,0.0,0.0,1
pairs_twitter_instagram,RF,migueldecastro,twitter,migueldecastro,instagram,1,1.0,1.0,1.0,1.0,0.0,0.0,1
pairs_twitter_instagram,RF,jenovaproject,twitter,jenovaproject,instagram,1,1.0,1.0,1.0,1.0,0.0,0.0,1
pairs_twitter_instagram,RF,prettypinkponies,twitter,prettypinkponies,instagram,1,1.0,1.0,1.0,1.0,0.0,0.0,1
pairs_twitter_instagram,RF,matluschek,twitter,matluschek,instagram,1,1.0,1.0,1.0,1.0,0.0,0.0,1
pairs_twitter_instagram,RF,albirabbit,twitter,albirabbit,instagram,1,1.0,1.0,1.0,1.0,0.0,0.0,1
pairs_twitter_instagram,RF,bioanarchism,twitter,bioanarchism,instagram,1,1.0,1.0,1.0,1.0,0.0,0.0,1
pairs_twitter_instagram,RF,evanschikarakara,twitter,evanschikarakara,instagram,1,1.0,1.0,1.0,1.0,0.0,0.0,1
pairs_twitter_instagram,RF,tristantiteux,twitter,tristantiteux,instagram,1,1.0,1.0,1.0,1.0,0.0,0.0,1
pairs_twitter_instagram,RF,fixelzero,twitter,fixelzero,instagram,1,1.0,1.0,1.0,1.0,0.0,0.0,1
pairs_twitter_instagram,RF,mcdessureault,twitter,mcdessureault,instagram,1,1.0,1.0,1.0,1.0,0.0,0.0,1
pairs_twitter_instagram,RF,ivanlajara,twitter,ivanlajara,instagram,1,1.0,1.0,1.0,1.0,0.0,0.0,1
pairs_twitter_instagram,RF,ricardopadilha,twitter,ricardopadilha,instagram,1,1.0,1.0,1.0,1.0,0.0,0.0,1
pairs_twitter_instagram,RF,salikov,twitter,salikov,instagram,1,1.0,1.0,1.0,1.0,0.0,0.0,1
pairs_twitter_instagram,RF,sucio,twitter,sucio,instagram,1,1.0,1.0,1.0,1.0,0.0,0.0,1
pairs_twitter_instagram,RF,born2addiction,twitter,born2addiction,instagram,1,1.0,1.0,1.0,1.0,0.0,0.0,1
pairs_twitter_instagram,RF,mengqi,twitter,mengqi,instagram,1,1.0,1.0,1.0,1.0,0.0,0.0,1
pairs_twitter_instagram,RF,joecayetano,twitter,joecayetano,instagram,1,1.0,1.0,1.0,1.0,0.0,0.0,1
pairs_twitter_instagram,RF,wesleycruise,twitter,wesleycruise,instagram,1,1.0,1.0,1.0,1.0,0.0,0.0,1
pairs_twitter_instagram,RF,gvirtucio,twitter,gvirtucio,instagram,1,1.0,1.0,1.0,1.0,0.0,0.0,1
pairs_twitter_instagram,RF,alancalvert,twitter,alancalvert,instagram,1,1.0,1.0,1.0,1.0,0.0,0.0,1
pairs_twitter_instagram,RF,davidcorpuz,twitter,davidcorpuz,instagram,1,1.0,1.0,1.0,1.0,0.0,0.0,1
pairs_twitter_instagram,RF,jolenejang,twitter,jolenejang,instagram,1,1.0,1.0,1.0,1.0,0.0,0.0,1
pairs_twitter_instagram,RF,kelseyivey,twitter,kelseyivey,instagram,1,1.0,1.0,1.0,1.0,0.0,0.0,1
pairs_twitter_instagram,RF,aletrentin,twitter,aletrentin,instagram,1,1.0,1.0,1.0,1.0,0.0,0.0,1
pairs_twitter_instagram,RF,asandre,twitter,asandre,instagram,1,1.0,1.0,1.0,1.0,0.0,0.0,1
pairs_twitter_instagram,RF,aleksanderdye,twitter,aleksanderdye,instagram,1,1.0,1.0,1.0,1.0,0.0,0.0,1
pairs_twitter_instagram,RF,robertbirnie,twitter,robertbirnie,instagram,1,1.0,1.0,1.0,1.0,0.0,0.0,1
pairs_twitter_instagram,RF,kamalbadawy,twitter,kamalbadawy,instagram,1,1.0,1.0,1.0,1.0,0.0,0.0,1
pairs_twitter_instagram,RF,jefflarkin,twitter,jefflarkin,instagram,1,1.0,1.0,1.0,1.0,0.0,0.0,1
pairs_twitter_instagram,RF,stenmartin,twitter,stenmartin,instagram,1,1.0,1.0,1.0,1.0,0.0,0.0,1
pairs_twitter_instagram,RF,peterkapakos,twitter,peterkapakos,instagram,1,1.0,1.0,1.0,1.0,0.0,0.0,1
pairs_twitter_instagram,RF,ekafri,twitter,ekafri,instagram,1,1.0,1.0,1.0,1.0,0.0,0.0,1
pairs_twitter_instagram,RF,alvaropascual84,twitter,alvaropascual84,instagram,1,1.0,1.0,1.0,1.0,0.0,0.0,1
pairs_twitter_instagram,RF,laughedelic,twitter,laughedelic,instagram,1,1.0,1.0,1.0,1.0,0.0,0.0,1
pairs_twitter_instagram,RF,bradharvey,twitter,bradharvey,instagram,1,1.0,1.0,1.0,1.0,0.0,0.0,1
pairs_twitter_instagram,RF,brianfarnham,twitter,brianfarnham,instagram,1,1.0,1.0,1.0,1.0,0.0,0.0,1
pairs_twitter_instagram,RF,goodboyroy,twitter,goodboyroy,instagram,1,1.0,1.0,1.0,1.0,0.0,0.0,1
pairs_twitter_instagram,RF,daveballesteros,twitter,daveballesteros,instagram,1,1.0,1.0,1.0,1.0,0.0,0.0,1
pairs_twitter_instagram,RF,ucedaman,twitter,ucedaman,instagram,1,1.0,1.0,1.0,1.0,0.0,0.0,1
pairs_twitter_instagram,RF,dygrafi,twitter,dygrafi,instagram,1,1.0,1.0,1.0,1.0,0.0,0.0,1
pairs_twitter_instagram,RF,ericnojimd,twitter,ericnojimd,instagram,1,1.0,1.0,1.0,1.0,0.0,0.0,1
pairs_twitter_instagram,RF,udomichelcuria,twitter,udomichelcuria,instagram,1,1.0,1.0,1.0,1.0,0.0,0.0,1
pairs_twitter_instagram,RF,khalilalmusaeed,twitter,khalilalmusaeed,instagram,1,1.0,1.0,1.0,1.0,0.0,0.0,1
pairs_twitter_instagram,RF,billlublin,twitter,billlublin,instagram,1,1.0,1.0,1.0,1.0,0.0,0.0,1
pairs_twitter_instagram,RF,paolofrancescosita,twitter,paolofrancescosita,instagram,1,1.0,1.0,1.0,1.0,0.0,0.0,1
pairs_twitter_instagram,RF,tjanderson,twitter,tjanderson,instagram,1,1.0,1.0,1.0,1.0,0.0,0.0,1
pairs_twitter_instagram,RF,michaelpierceca,twitter,michaelpierceca,instagram,1,1.0,1.0,1.0,1.0,0.0,0.0,1
pairs_twitter_instagram,RF,emiarai,twitter,emiarai,instagram,1,1.0,1.0,1.0,1.0,0.0,0.0,1
pairs_twitter_instagram,RF,oracio,twitter,oracio,instagram,1,1.0,1.0,1.0,1.0,0.0,0.0,1
pairs_twitter_instagram,RF,castellani,twitter,castellani,instagram,1,1.0,1.0,1.0,1.0,0.0,0.0,1
pairs_twitter_instagram,RF,corporatephotographer,twitter,corporatephotographer,instagram,1,1.0,1.0,1.0,1.0,0.0,0.0,1
pairs_twitter_instagram,RF,larsnystrom,twitter,larsnystrom,instagram,1,1.0,1.0,1.0,1.0,0.0,0.0,1
pairs_twitter_instagram,RF,satoryasuga,twitter,satoryasuga,instagram,1,1.0,1.0,1.0,1.0,0.0,0.0,1
pairs_twitter_instagram,RF,jessereilly,twitter,jessereilly,instagram,1,1.0,1.0,1.0,1.0,0.0,0.0,1
pairs_twitter_instagram,RF,carmenmg5,twitter,carmenmg5,instagram,1,1.0,1.0,1.0,1.0,0.0,0.0,1
pairs_twitter_instagram,RF,vitamingc,twitter,vitamingc,instagram,1,1.0,1.0,1.0,1.0,0.0,0.0,1
pairs_twitter_instagram,RF,andrewweiser,twitter,andrewweiser,instagram,1,1.0,1.0,1.0,1.0,0.0,0.0,1
pairs_twitter_instagram,RF,mylastpagefirst,twitter,mylastpagefirst,instagram,1,1.0,1.0,1.0,1.0,0.0,0.0,1
pairs_twitter_instagram,RF,jasonohaire,twitter,jasonohaire,instagram,1,1.0,1.0,1.0,1.0,0.0,0.0,1
pairs_twitter_instagram,RF,darraghdoyle,twitter,darraghdoyle,instagram,1,1.0,1.0,1.0,1.0,0.0,0.0,1
pairs_twitter_instagram,RF,hepekiz,twitter,hepekiz,instagram,1,1.0,1.0,1.0,1.0,0.0,0.0,1
pairs_twitter_instagram,RF,designergna,twitter,designergna,instagram,1,1.0,1.0,1.0,1.0,0.0,0.0,1
pairs_twitter_instagram,RF,funkycoda,twitter,funkycoda,instagram,1,1.0,1.0,1.0,1.0,0.0,0.0,1
pairs_twitter_instagram,RF,artwarriors,twitter,artwarriors,instagram,1,1.0,1.0,1.0,1.0,0.0,0.0,1
pairs_twitter_instagram,RF,eamrselim,twitter,eamrselim,instagram,1,1.0,1.0,1.0,1.0,0.0,0.0,1
pairs_twitter_instagram,RF,sachaqs,twitter,sachaqs,instagram,1,1.0,1.0,1.0,1.0,0.0,0.0,1
pairs_twitter_instagram,RF,jonashalmstad,twitter,jonashalmstad,instagram,1,1.0,1.0,1.0,1.0,0.0,0.0,1
pairs_twitter_instagram,RF,mborodov,twitter,mborodov,instagram,1,1.0,1.0,1.0,1.0,0.0,0.0,1
pairs_twitter_instagram,RF,gastonsz,twitter,gastonsz,instagram,1,1.0,1.0,1.0,1.0,0.0,0.0,1
pairs_twitter_instagram,RF,laurabestler,twitter,laurabestler,instagram,1,1.0,1.0,1.0,1.0,0.0,0.0,1
pairs_twitter_instagram,RF,kiatinsley,twitter,kiatinsley,instagram,1,1.0,1.0,1.0,1.0,0.0,0.0,1
pairs_twitter_instagram,RF,shanestokes,twitter,shanestokes,instagram,1,1.0,1.0,1.0,1.0,0.0,0.0,1
pairs_twitter_instagram,RF,mhenderson,twitter,mhenderson,instagram,1,1.0,1.0,1.0,1.0,0.0,0.0,1
pairs_twitter_instagram,RF,etthompson,twitter,etthompson,instagram,1,1.0,1.0,1.0,1.0,0.0,0.0,1
pairs_twitter_instagram,RF,peterplaatsman,twitter,peterplaatsman,instagram,1,1.0,1.0,1.0,1.0,0.0,0.0,1
pairs_twitter_instagram,RF,kylewiebalk,twitter,kylewiebalk,instagram,1,1.0,1.0,1.0,1.0,0.0,0.0,1
pairs_twitter_instagram,RF,bradwolff,twitter,bradwolff,instagram,1,1.0,1.0,1.0,1.0,0.0,0.0,1
pairs_twitter_instagram,RF,satotaka,twitter,satotaka,instagram,1,1.0,1.0,1.0,1.0,0.0,0.0,1
pairs_twitter_instagram,RF,briankemm,twitter,briankemm,instagram,1,1.0,1.0,1.0,1.0,0.0,0.0,1
pairs_twitter_instagram,RF,julionoel,twitter,julionoel,instagram,1,1.0,1.0,1.0,1.0,0.0,0.0,1
pairs_twitter_instagram,RF,fabianoalmeida,twitter,fabianoalmeida,instagram,1,1.0,1.0,1.0,1.0,0.0,0.0,1
pairs_twitter_instagram,RF,idvaad,twitter,idvaad,instagram,1,1.0,1.0,1.0,1.0,0.0,0.0,1
pairs_twitter_instagram,RF,eugenemartinez,twitter,eugenemartinez,instagram,1,1.0,1.0,1.0,1.0,0.0,0.0,1
pairs_twitter_instagram,RF,alejandroandher,twitter,alejandroandher,instagram,1,1.0,1.0,1.0,1.0,0.0,0.0,1
pairs_twitter_instagram,RF,authenticseacoast,twitter,authenticseacoast,instagram,1,1.0,1.0,1.0,1.0,0.0,0.0,1
pairs_twitter_instagram,RF,j0hnsy,twitter,j0hnsy,instagram,1,1.0,1.0,1.0,1.0,0.0,0.0,1
pairs_twitter_instagram,RF,fitbodylife,twitter,fitbodylife,instagram,1,1.0,1.0,1.0,1.0,0.0,0.0,1
pairs_twitter_instagram,RF,octubrerojo72,twitter,octubrerojo72,instagram,1,1.0,1.0,1.0,1.0,0.0,0.0,1
pairs_twitter_instagram,RF,ramizahrahman,twitter,ramizahrahman,instagram,1,1.0,1.0,1.0,1.0,0.0,0.0,1
pairs_twitter_instagram,RF,webnelly,twitter,webnelly,instagram,1,1.0,1.0,1.0,1.0,0.0,0.0,1
pairs_twitter_instagram,RF,danacosta,twitter,danacosta,instagram,1,1.0,1.0,1.0,1.0,0.0,0.0,1
pairs_twitter_instagram,RF,gerty,twitter,gerty,instagram,1,1.0,1.0,1.0,1.0,0.0,0.0,1
pairs_twitter_instagram,RF,rogerbalettie,twitter,rogerbalettie,instagram,1,1.0,1.0,1.0,1.0,0.0,0.0,1
pairs_twitter_instagram,RF,melodythacker,twitter,melodythacker,instagram,1,1.0,1.0,1.0,1.0,0.0,0.0,1
pairs_twitter_instagram,RF,jaypsyd,twitter,jaypsyd,instagram,1,1.0,1.0,1.0,1.0,0.0,0.0,1
pairs_twitter_instagram,RF,bradrussell,twitter,bradrussell,instagram,1,1.0,1.0,1.0,1.0,0.0,0.0,1
pairs_twitter_instagram,RF,yannispatras,twitter,yannispatras,instagram,1,1.0,1.0,1.0,1.0,0.0,0.0,1
pairs_twitter_instagram,RF,ivarsmas,twitter,ivarsmas,instagram,1,1.0,1.0,1.0,1.0,0.0,0.0,1
pairs_twitter_instagram,RF,ryanketterman,twitter,ryanketterman,instagram,1,1.0,1.0,1.0,1.0,0.0,0.0,1
pairs_twitter_instagram,RF,kazu721010,twitter,kazu721010,instagram,1,1.0,1.0,1.0,1.0,0.0,0.0,1
pairs_twitter_instagram,RF,kristinahowells,twitter,kristinahowells,instagram,1,1.0,1.0,1.0,1.0,0.0,0.0,1
pairs_twitter_instagram,RF,laurasfiat,twitter,laurasfiat,instagram,1,1.0,1.0,1.0,1.0,0.0,0.0,1
pairs_twitter_instagram,RF,suzannecourtney,twitter,suzannecourtney,instagram,1,1.0,1.0,1.0,1.0,0.0,0.0,1
pairs_twitter_instagram,RF,shugo,twitter,shugo,instagram,1,1.0,1.0,1.0,1.0,0.0,0.0,1
pairs_twitter_instagram,RF,paulbekkum,twitter,paulbekkum,instagram,1,1.0,1.0,1.0,1.0,0.0,0.0,1
pairs_twitter_instagram,RF,pmoa,twitter,pmoa,instagram,1,1.0,1.0,1.0,1.0,0.0,0.0,1
pairs_twitter_instagram,RF,wesleybackhouse,twitter,wesleybackhouse,instagram,1,1.0,1.0,1.0,1.0,0.0,0.0,1
pairs_twitter_instagram,RF,godivaartstudio,twitter,godivaartstudio,instagram,1,1.0,1.0,1.0,1.0,0.0,0.0,1
pairs_twitter_instagram,RF,eltounsi54,twitter,eltounsi54,instagram,1,1.0,1.0,1.0,1.0,0.0,0.0,1
pairs_twitter_instagram,RF,frederickpolk,twitter,saurospagnol,instagram,0,1.0,1.0,1.0,1.0,0.0,0.0,1
pairs_twitter_instagram,RF,vegasbloggers,twitter,vegasbloggers,instagram,1,1.0,1.0,1.0,1.0,0.0,0.0,1
pairs_twitter_instagram,RF,pandafoodie,twitter,pandafoodie,instagram,1,1.0,1.0,1.0,1.0,0.0,0.0,1
pairs_twitter_instagram,RF,pfrias,twitter,pfrias,instagram,1,1.0,1.0,1.0,1.0,0.0,0.0,1
pairs_twitter_instagram,RF,kristinrichey,twitter,kristinrichey,instagram,1,1.0,1.0,1.0,1.0,0.0,0.0,1
pairs_twitter_instagram,RF,msjuliars,twitter,msjuliars,instagram,1,1.0,1.0,1.0,1.0,0.0,0.0,1
pairs_twitter_instagram,RF,kerijaehnig,twitter,kerijaehnig,instagram,1,1.0,1.0,1.0,1.0,0.0,0.0,1
pairs_twitter_instagram,RF,petermonbailleu,twitter,petermonbailleu,instagram,1,1.0,1.0,1.0,1.0,0.0,0.0,1
pairs_twitter_instagram,RF,amyrogers,twitter,amyrogers,instagram,1,1.0,1.0,1.0,1.0,0.0,0.0,1
pairs_twitter_instagram,RF,adtyysf,twitter,adtyysf,instagram,1,1.0,1.0,1.0,1.0,0.0,0.0,1
pairs_twitter_instagram,RF,austrazubkovs,twitter,austrazubkovs,instagram,1,1.0,1.0,1.0,1.0,0.0,0.0,1
pairs_twitter_instagram,RF,thierryocho,twitter,thierryocho,instagram,1,1.0,1.0,1.0,1.0,0.0,0.0,1
pairs_twitter_instagram,RF,sroyer,twitter,sroyer,instagram,1,1.0,1.0,1.0,1.0,0.0,0.0,1
pairs_twitter_instagram,RF,adrianalemus,twitter,adrianalemus,instagram,1,1.0,1.0,1.0,1.0,0.0,0.0,1
pairs_twitter_instagram,RF,catarinavarao,twitter,catarinavarao,instagram,1,1.0,1.0,1.0,1.0,0.0,0.0,1
pairs_twitter_instagram,RF,mikehill,twitter,mikehill,instagram,1,1.0,1.0,1.0,1.0,0.0,0.0,1
pairs_twitter_instagram,RF,shibuibrahim,twitter,shibuibrahim,instagram,1,1.0,1.0,1.0,1.0,0.0,0.0,1
pairs_twitter_instagram,RF,jeffbone,twitter,jeffbone,instagram,1,1.0,1.0,1.0,1.0,0.0,0.0,1
pairs_twitter_instagram,RF,thierryweber,twitter,thierryweber,instagram,1,1.0,1.0,1.0,1.0,0.0,0.0,1
pairs_twitter_instagram,RF,mycroft221,twitter,mycroft221,instagram,1,1.0,1.0,1.0,1.0,0.0,0.0,1
pairs_twitter_instagram,RF,marcusmeisel,twitter,marcusmeisel,instagram,1,1.0,1.0,1.0,1.0,0.0,0.0,1
pairs_twitter_instagram,RF,soloseba,twitter,soloseba,instagram,1,1.0,1.0,1.0,1.0,0.0,0.0,1
pairs_twitter_instagram,RF,cavdan,twitter,cavdan,instagram,1,1.0,1.0,1.0,1.0,0.0,0.0,1
pairs_twitter_instagram,RF,jumpstartbikes,twitter,jumpstartbikes,instagram,1,1.0,1.0,1.0,1.0,0.0,0.0,1
pairs_twitter_instagram,RF,samarb,twitter,samarb,instagram,1,1.0,1.0,1.0,1.0,0.0,0.0,1
pairs_twitter_instagram,RF,gisanders,twitter,gisanders,instagram,1,1.0,1.0,1.0,1.0,0.0,0.0,1
pairs_twitter_instagram,RF,rude64,twitter,rude64,instagram,1,1.0,1.0,1.0,1.0,0.0,0.0,1
pairs_twitter_instagram,RF,venkatsrao,twitter,venkatsrao,instagram,1,1.0,1.0,1.0,1.0,0.0,0.0,1
pairs_twitter_instagram,RF,julieraesandifer,twitter,julieraesandifer,instagram,1,1.0,1.0,1.0,1.0,0.0,0.0,1
pairs_twitter_instagram,RF,adrianver,twitter,adrianver,instagram,1,1.0,1.0,1.0,1.0,0.0,0.0,1
pairs_twitter_instagram,RF,anass,twitter,anass,instagram,1,1.0,1.0,1.0,1.0,0.0,0.0,1
pairs_twitter_instagram,RF,matthewpantoja,twitter,matthewpantoja,instagram,1,1.0,1.0,1.0,1.0,0.0,0.0,1
pairs_twitter_instagram,RF,raulk,twitter,raulk,instagram,1,1.0,1.0,1.0,1.0,0.0,0.0,1
pairs_twitter_instagram,RF,eladbs,twitter,eladbs,instagram,1,1.0,1.0,1.0,1.0,0.0,0.0,1
pairs_twitter_instagram,RF,tapps,twitter,tapps,instagram,1,1.0,1.0,1.0,1.0,0.0,0.0,1
pairs_twitter_instagram,RF,gcardona,twitter,gcardona,instagram,1,1.0,1.0,1.0,1.0,0.0,0.0,1
pairs_twitter_instagram,RF,alessandrodilella,twitter,alessandrodilella,instagram,1,1.0,1.0,1.0,1.0,0.0,0.0,1
pairs_twitter_instagram,RF,berillium04,twitter,berillium04,instagram,1,1.0,1.0,1.0,1.0,0.0,0.0,1
pairs_twitter_instagram,RF,riccardoghignoni,twitter,riccardoghignoni,instagram,1,1.0,1.0,1.0,1.0,0.0,0.0,1
pairs_twitter_instagram,RF,donmik,twitter,donmik,instagram,1,1.0,1.0,1.0,1.0,0.0,0.0,1
pairs_twitter_instagram,RF,rogerellman,twitter,rogerellman,instagram,1,1.0,1.0,1.0,1.0,0.0,0.0,1
pairs_twitter_instagram,RF,sueblack,twitter,sueblack,instagram,1,1.0,1.0,1.0,1.0,0.0,0.0,1
pairs_twitter_instagram,RF,jjmlloret,twitter,jjmlloret,instagram,1,1.0,1.0,1.0,1.0,0.0,0.0,1
pairs_twitter_instagram,RF,vickiayala,twitter,vickiayala,instagram,1,1.0,1.0,1.0,1.0,0.0,0.0,1
pairs_twitter_instagram,RF,bryanwelsh,twitter,bryanwelsh,instagram,1,1.0,1.0,1.0,1.0,0.0,0.0,1
pairs_twitter_instagram,RF,martinsliz,twitter,martinsliz,instagram,1,1.0,1.0,1.0,1.0,0.0,0.0,1
pairs_twitter_instagram,RF,eliazu,twitter,eliazu,instagram,1,1.0,1.0,1.0,1.0,0.0,0.0,1
pairs_twitter_instagram,RF,rappscott,twitter,rappscott,instagram,1,1.0,1.0,1.0,1.0,0.0,0.0,1
pairs_twitter_instagram,RF,kristinacarlson,twitter,kristinacarlson,instagram,1,1.0,1.0,1.0,1.0,0.0,0.0,1
pairs_twitter_instagram,RF,defyrecordings,twitter,defyrecordings,instagram,1,1.0,1.0,1.0,1.0,0.0,0.0,1
pairs_twitter_instagram,RF,tommyoshima,twitter,tommyoshima,instagram,1,1.0,1.0,1.0,1.0,0.0,0.0,1
pairs_twitter_instagram,RF,juninbsk,twitter,juninbsk,instagram,1,1.0,1.0,1.0,1.0,0.0,0.0,1
pairs_twitter_instagram,RF,christopherhyde,twitter,christopherhyde,instagram,1,1.0,1.0,1.0,1.0,0.0,0.0,1
pairs_twitter_instagram,RF,alopezxiv,twitter,alopezxiv,instagram,1,1.0,1.0,1.0,1.0,0.0,0.0,1
pairs_twitter_instagram,RF,jasongraham99,twitter,jasongraham99,instagram,1,1.0,1.0,1.0,1.0,0.0,0.0,1
pairs_twitter_instagram,RF,johnson2772,twitter,johnson2772,instagram,1,1.0,1.0,1.0,1.0,0.0,0.0,1
pairs_twitter_instagram,RF,jennturner,twitter,jennturner,instagram,1,1.0,1.0,1.0,1.0,0.0,0.0,1
pairs_twitter_instagram,RF,flickeringember,twitter,flickeringember,instagram,1,1.0,1.0,1.0,1.0,0.0,0.0,1
pairs_twitter_instagram,RF,angelaball,twitter,angelaball,instagram,1,1.0,1.0,1.0,1.0,0.0,0.0,1
pairs_twitter_instagram,RF,thegadgeteur,twitter,thegadgeteur,instagram,1,1.0,1.0,1.0,1.0,0.0,0.0,1
pairs_twitter_instagram,RF,koryklem,twitter,koryklem,instagram,1,1.0,1.0,1.0,1.0,0.0,0.0,1
pairs_twitter_instagram,RF,omarc,twitter,omarc,instagram,1,1.0,1.0,1.0,1.0,0.0,0.0,1
pairs_twitter_instagram,RF,stevegarfield,twitter,stevegarfield,instagram,1,1.0,1.0,1.0,1.0,0.0,0.0,1
pairs_twitter_instagram,RF,davidhousholder,twitter,davidhousholder,instagram,1,1.0,1.0,1.0,1.0,0.0,0.0,1
pairs_twitter_instagram,RF,michelejmartin,twitter,michelejmartin,instagram,1,1.0,1.0,1.0,1.0,0.0,0.0,1
pairs_twitter_instagram,RF,nzeckner,twitter,nzeckner,instagram,1,1.0,1.0,1.0,1.0,0.0,0.0,1
pairs_twitter_instagram,RF,irmazimmermann,twitter,irmazimmermann,instagram,1,1.0,1.0,1.0,1.0,0.0,0.0,1
pairs_twitter_instagram,RF,davidleebiz,twitter,davidleebiz,instagram,1,1.0,1.0,1.0,1.0,0.0,0.0,1
pairs_twitter_instagram,RF,dominiquedesrosiers,twitter,dominiquedesrosiers,instagram,1,1.0,1.0,1.0,1.0,0.0,0.0,1
pairs_twitter_instagram,RF,anoli,twitter,anoli,instagram,1,1.0,1.0,1.0,1.0,0.0,0.0,1
pairs_twitter_instagram,RF,thejennylam,twitter,thejennylam,instagram,1,1.0,1.0,1.0,1.0,0.0,0.0,1
pairs_twitter_instagram,RF,optimusdag,twitter,optimusdag,instagram,1,1.0,1.0,1.0,1.0,0.0,0.0,1
pairs_twitter_instagram,RF,luckybag,twitter,luckybag,instagram,1,1.0,1.0,1.0,1.0,0.0,0.0,1
pairs_twitter_instagram,RF,rahsheen,twitter,rahsheen,instagram,1,1.0,1.0,1.0,1.0,0.0,0.0,1
pairs_twitter_instagram,RF,shalahbowden,twitter,shalahbowden,instagram,1,1.0,1.0,1.0,1.0,0.0,0.0,1
pairs_twitter_instagram,RF,loumartini,twitter,loumartini,instagram,1,1.0,1.0,1.0,1.0,0.0,0.0,1
pairs_twitter_instagram,RF,seerickson,twitter,seerickson,instagram,1,1.0,1.0,1.0,1.0,0.0,0.0,1
pairs_twitter_instagram,RF,alvarovalladares,twitter,alvarovalladares,instagram,1,1.0,1.0,1.0,1.0,0.0,0.0,1
pairs_twitter_instagram,RF,ucmusicdoc,twitter,ucmusicdoc,instagram,1,1.0,1.0,1.0,1.0,0.0,0.0,1
pairs_twitter_instagram,RF,lidahasbrouck,twitter,lidahasbrouck,instagram,1,1.0,1.0,1.0,1.0,0.0,0.0,1
pairs_twitter_instagram,RF,ariefbudisantoso,twitter,ariefbudisantoso,instagram,1,1.0,1.0,1.0,1.0,0.0,0.0,1
pairs_twitter_instagram,RF,chadnewman,twitter,chadnewman,instagram,1,1.0,1.0,1.0,1.0,0.0,0.0,1
pairs_twitter_instagram,RF,mikemartin,twitter,mikemartin,instagram,1,1.0,1.0,1.0,1.0,0.0,0.0,1
pairs_twitter_instagram,RF,dwanellington,twitter,dwanellington,instagram,1,1.0,1.0,1.0,1.0,0.0,0.0,1
pairs_twitter_instagram,RF,markelmes,twitter,markelmes,instagram,1,1.0,1.0,1.0,1.0,0.0,0.0,1
pairs_twitter_instagram,RF,angelinamontanez,twitter,angelinamontanez,instagram,1,1.0,1.0,1.0,1.0,0.0,0.0,1
pairs_twitter_instagram,RF,nathanwpace,twitter,nathanwpace,instagram,1,1.0,1.0,1.0,1.0,0.0,0.0,1
pairs_twitter_instagram,RF,markcastator,twitter,markcastator,instagram,1,1.0,1.0,1.0,1.0,0.0,0.0,1
pairs_twitter_instagram,RF,sanderterhaar,twitter,sanderterhaar,instagram,1,1.0,1.0,1.0,1.0,0.0,0.0,1
pairs_twitter_instagram,RF,r3d,twitter,r3d,instagram,1,1.0,1.0,1.0,1.0,0.0,0.0,1
pairs_twitter_instagram,RF,annelaurejoliot,twitter,annelaurejoliot,instagram,1,1.0,1.0,1.0,1.0,0.0,0.0,1
pairs_twitter_instagram,RF,ww1way,twitter,ww1way,instagram,1,1.0,1.0,1.0,1.0,0.0,0.0,1
pairs_twitter_instagram,RF,asiergapa,twitter,asiergapa,instagram,1,1.0,1.0,1.0,1.0,0.0,0.0,1
pairs_twitter_instagram,RF,jesuslugo,twitter,jesuslugo,instagram,1,1.0,1.0,1.0,1.0,0.0,0.0,1
pairs_twitter_instagram,RF,patriciawensch,twitter,patriciawensch,instagram,1,1.0,1.0,1.0,1.0,0.0,0.0,1
pairs_twitter_instagram,RF,arturogarrido,twitter,arturogarrido,instagram,1,1.0,1.0,1.0,1.0,0.0,0.0,1
pairs_twitter_instagram,RF,ahoward,twitter,ahoward,instagram,1,1.0,1.0,1.0,1.0,0.0,0.0,1
pairs_twitter_instagram,RF,hectorigual,twitter,hectorigual,instagram,1,1.0,1.0,1.0,1.0,0.0,0.0,1
pairs_twitter_instagram,RF,danilojrr,twitter,danilojrr,instagram,1,1.0,1.0,1.0,1.0,0.0,0.0,1
pairs_twitter_instagram,RF,katmandelstein,twitter,katmandelstein,instagram,1,1.0,1.0,1.0,1.0,0.0,0.0,1
pairs_twitter_instagram,RF,chiarapis,twitter,chiarapis,instagram,1,1.0,1.0,1.0,1.0,0.0,0.0,1
pairs_twitter_instagram,RF,katiemsmith,twitter,katiemsmith,instagram,1,1.0,1.0,1.0,1.0,0.0,0.0,1
pairs_twitter_instagram,RF,mrsrosietaylor,twitter,mrsrosietaylor,instagram,1,1.0,1.0,1.0,1.0,0.0,0.0,1
pairs_twitter_instagram,RF,pinkuneko,twitter,pinkuneko,instagram,1,1.0,1.0,1.0,1.0,0.0,0.0,1
pairs_twitter_instagram,RF,danbrown,twitter,danbrown,instagram,1,1.0,1.0,1.0,1.0,0.0,0.0,1
pairs_twitter_instagram,RF,alexreekie,twitter,alexreekie,instagram,1,1.0,1.0,1.0,1.0,0.0,0.0,1
pairs_twitter_instagram,RF,mangky,twitter,mangky,instagram,1,1.0,1.0,1.0,1.0,0.0,0.0,1
pairs_twitter_instagram,RF,slakker9,twitter,slakker9,instagram,1,1.0,1.0,1.0,1.0,0.0,0.0,1
pairs_twitter_instagram,RF,adnansyed,twitter,adnansyed,instagram,1,1.0,1.0,1.0,1.0,0.0,0.0,1
pairs_twitter_instagram,RF,dallasfoodie,twitter,dallasfoodie,instagram,1,1.0,1.0,1.0,1.0,0.0,0.0,1
pairs_twitter_instagram,RF,elfolen,twitter,elfolen,instagram,1,1.0,1.0,1.0,1.0,0.0,0.0,1
pairs_twitter_instagram,RF,michaeltapp,twitter,michaeltapp,instagram,1,1.0,1.0,1.0,1.0,0.0,0.0,1
pairs_twitter_instagram,RF,johnmischief,twitter,johnmischief,instagram,1,1.0,1.0,1.0,1.0,0.0,0.0,1
pairs_twitter_instagram,RF,corgimas,twitter,corgimas,instagram,1,1.0,1.0,1.0,1.0,0.0,0.0,1
pairs_twitter_instagram,RF,kathydragon,twitter,kathydragon,instagram,1,1.0,1.0,1.0,1.0,0.0,0.0,1
pairs_twitter_instagram,RF,deydos,twitter,deydos,instagram,1,1.0,1.0,1.0,1.0,0.0,0.0,1
pairs_twitter_instagram,RF,michaelkoenig,twitter,michaelkoenig,instagram,1,1.0,1.0,1.0,1.0,0.0,0.0,1
pairs_twitter_instagram,RF,nicolashayek,twitter,nicolashayek,instagram,1,1.0,1.0,1.0,1.0,0.0,0.0,1
pairs_twitter_instagram,RF,jazza,twitter,jazza,instagram,1,1.0,1.0,1.0,1.0,0.0,0.0,1
pairs_twitter_instagram,RF,sambassman,twitter,sambassman,instagram,1,1.0,1.0,1.0,1.0,0.0,0.0,1
pairs_twitter_instagram,RF,pedromolleda,twitter,pedromolleda,instagram,1,1.0,1.0,1.0,1.0,0.0,0.0,1
pairs_twitter_instagram,RF,nicoletteorlemans,twitter,nicoletteorlemans,instagram,1,1.0,1.0,1.0,1.0,0.0,0.0,1
pairs_twitter_instagram,RF,nrgiga,twitter,nrgiga,instagram,1,1.0,1.0,1.0,1.0,0.0,0.0,1
pairs_twitter_instagram,RF,jagudeye,twitter,jagudeye,instagram,1,1.0,1.0,1.0,1.0,0.0,0.0,1
pairs_twitter_instagram,RF,linzshelton,twitter,linzshelton,instagram,1,1.0,1.0,1.0,1.0,0.0,0.0,1
pairs_twitter_instagram,RF,sudol,twitter,sudol,instagram,1,1.0,1.0,1.0,1.0,0.0,0.0,1
pairs_twitter_instagram,RF,royterp,twitter,royterp,instagram,1,1.0,1.0,1.0,1.0,0.0,0.0,1
pairs_twitter_instagram,RF,kampeerboerin,twitter,kampeerboerin,instagram,1,1.0,1.0,1.0,1.0,0.0,0.0,1
pairs_twitter_instagram,RF,nob0322,twitter,nob0322,instagram,1,1.0,1.0,1.0,1.0,0.0,0.0,1
pairs_twitter_instagram,RF,gorguito,twitter,gorguito,instagram,1,1.0,1.0,1.0,1.0,0.0,0.0,1
pairs_twitter_instagram,RF,ekiafoto,twitter,ekiafoto,instagram,1,1.0,1.0,1.0,1.0,0.0,0.0,1
pairs_twitter_instagram,RF,karabee,twitter,karabee,instagram,1,1.0,1.0,1.0,1.0,0.0,0.0,1
pairs_twitter_instagram,RF,jberndes,twitter,jberndes,instagram,1,1.0,1.0,1.0,1.0,0.0,0.0,1
pairs_twitter_instagram,RF,dazeofadventure,twitter,dazeofadventure,instagram,1,1.0,1.0,1.0,1.0,0.0,0.0,1
pairs_twitter_instagram,RF,moisesrial,twitter,moisesrial,instagram,1,1.0,1.0,1.0,1.0,0.0,0.0,1
pairs_twitter_instagram,RF,utkuozturk,twitter,utkuozturk,instagram,1,1.0,1.0,1.0,1.0,0.0,0.0,1
pairs_twitter_instagram,RF,otterfreak,twitter,otterfreak,instagram,1,1.0,1.0,1.0,1.0,0.0,0.0,1
pairs_twitter_instagram,RF,yopefonic,twitter,yopefonic,instagram,1,1.0,1.0,1.0,1.0,0.0,0.0,1
pairs_twitter_instagram,RF,peterlombard,twitter,peterlombard,instagram,1,1.0,1.0,1.0,1.0,0.0,0.0,1
pairs_twitter_instagram,RF,craigansell,twitter,craigansell,instagram,1,1.0,1.0,1.0,1.0,0.0,0.0,1
pairs_twitter_instagram,RF,maxculleen,twitter,maxculleen,instagram,1,1.0,1.0,1.0,1.0,0.0,0.0,1
pairs_twitter_instagram,RF,prestonpardy,twitter,prestonpardy,instagram,1,1.0,1.0,1.0,1.0,0.0,0.0,1
pairs_twitter_instagram,RF,robkrueger,twitter,robkrueger,instagram,1,1.0,1.0,1.0,1.0,0.0,0.0,1
pairs_twitter_instagram,RF,jphilpin,twitter,jphilpin,instagram,1,1.0,1.0,1.0,1.0,0.0,0.0,1
pairs_twitter_instagram,RF,patmulles,twitter,patmulles,instagram,1,1.0,1.0,1.0,1.0,0.0,0.0,1
pairs_twitter_instagram,RF,celebrone,twitter,celebrone,instagram,1,1.0,1.0,1.0,1.0,0.0,0.0,1
pairs_twitter_instagram,RF,krystasch,twitter,krystasch,instagram,1,1.0,1.0,1.0,1.0,0.0,0.0,1
pairs_twitter_instagram,RF,fernandoescudero,twitter,fernandoescudero,instagram,1,1.0,1.0,1.0,1.0,0.0,0.0,1
pairs_twitter_instagram,RF,fardeen,twitter,fardeen,instagram,1,1.0,1.0,1.0,1.0,0.0,0.0,1
pairs_twitter_instagram,RF,meganorr,twitter,meganorr,instagram,1,1.0,1.0,1.0,1.0,0.0,0.0,1
pairs_twitter_instagram,RF,pavelsmirnov,twitter,pavelsmirnov,instagram,1,1.0,1.0,1.0,1.0,0.0,0.0,1
pairs_twitter_instagram,RF,jillian,twitter,jillian,instagram,1,1.0,1.0,1.0,1.0,0.0,0.0,1
pairs_twitter_instagram,RF,romcalbc,twitter,romcalbc,instagram,1,1.0,1.0,1.0,1.0,0.0,0.0,1
pairs_twitter_instagram,RF,ricardoanton,twitter,ricardoanton,instagram,1,1.0,1.0,1.0,1.0,0.0,0.0,1
pairs_twitter_instagram,RF,thomasseifert,twitter,thomasseifert,instagram,1,1.0,1.0,1.0,1.0,0.0,0.0,1
pairs_twitter_instagram,RF,henspie,twitter,henspie,instagram,1,1.0,1.0,1.0,1.0,0.0,0.0,1
pairs_twitter_instagram,RF,joannegreco,twitter,joannegreco,instagram,1,1.0,1.0,1.0,1.0,0.0,0.0,1
pairs_twitter_instagram,RF,gailobannon,twitter,gailobannon,instagram,1,1.0,1.0,1.0,1.0,0.0,0.0,1
pairs_twitter_instagram,RF,jenmathews,twitter,jenmathews,instagram,1,1.0,1.0,1.0,1.0,0.0,0.0,1
pairs_twitter_instagram,RF,deepeshmd,twitter,deepeshmd,instagram,1,1.0,1.0,1.0,1.0,0.0,0.0,1
pairs_twitter_instagram,RF,alexcowan,twitter,alexcowan,instagram,1,1.0,1.0,1.0,1.0,0.0,0.0,1
pairs_twitter_instagram,RF,mlikeasong,twitter,mlikeasong,instagram,1,1.0,1.0,1.0,1.0,0.0,0.0,1
pairs_twitter_instagram,RF,hishizaki,twitter,hishizaki,instagram,1,1.0,1.0,1.0,1.0,0.0,0.0,1
pairs_twitter_instagram,RF,jameswatsoninternet,twitter,jameswatsoninternet,instagram,1,1.0,1.0,1.0,1.0,0.0,0.0,1
pairs_twitter_instagram,RF,rodmeier,twitter,rodmeier,instagram,1,1.0,1.0,1.0,1.0,0.0,0.0,1
pairs_twitter_instagram,RF,maribelcastilla,twitter,maribelcastilla,instagram,1,1.0,1.0,1.0,1.0,0.0,0.0,1
pairs_twitter_instagram,RF,tassoskapernekas,twitter,tassoskapernekas,instagram,1,1.0,1.0,1.0,1.0,0.0,0.0,1
pairs_twitter_instagram,RF,davidcardona,twitter,davidcardona,instagram,1,1.0,1.0,1.0,1.0,0.0,0.0,1
pairs_twitter_instagram,RF,mdicer,twitter,mdicer,instagram,1,1.0,1.0,1.0,1.0,0.0,0.0,1
pairs_twitter_instagram,RF,brownsdon,twitter,brownsdon,instagram,1,1.0,1.0,1.0,1.0,0.0,0.0,1
pairs_twitter_instagram,RF,jessecorinella,twitter,jessecorinella,instagram,1,1.0,1.0,1.0,1.0,0.0,0.0,1
pairs_twitter_instagram,RF,aidandoyle,twitter,aidandoyle,instagram,1,1.0,1.0,1.0,1.0,0.0,0.0,1
pairs_twitter_instagram,RF,natalialamange,twitter,natalialamange,instagram,1,1.0,1.0,1.0,1.0,0.0,0.0,1
pairs_twitter_instagram,RF,toledoscanner,twitter,toledoscanner,instagram,1,1.0,1.0,1.0,1.0,0.0,0.0,1
pairs_twitter_instagram,RF,telmamelo,twitter,telmamelo,instagram,1,1.0,1.0,1.0,1.0,0.0,0.0,1
pairs_twitter_instagram,RF,miamirealestate,twitter,miamirealestate,instagram,1,1.0,1.0,1.0,1.0,0.0,0.0,1
pairs_twitter_instagram,RF,swism,twitter,swism,instagram,1,1.0,1.0,1.0,1.0,0.0,0.0,1
pairs_twitter_instagram,RF,jkdesignarts,twitter,jkdesignarts,instagram,1,1.0,1.0,1.0,1.0,0.0,0.0,1
pairs_twitter_instagram,RF,malbarda,twitter,malbarda,instagram,1,1.0,1.0,1.0,1.0,0.0,0.0,1
pairs_twitter_instagram,RF,japros,twitter,japros,instagram,1,1.0,1.0,1.0,1.0,0.0,0.0,1
pairs_twitter_instagram,RF,jimmurdoch,twitter,jimmurdoch,instagram,1,1.0,1.0,1.0,1.0,0.0,0.0,1
pairs_twitter_instagram,RF,gotnur,twitter,gotnur,instagram,1,1.0,1.0,1.0,1.0,0.0,0.0,1
pairs_twitter_instagram,RF,svilen,twitter,svilen,instagram,1,1.0,1.0,1.0,1.0,0.0,0.0,1
pairs_twitter_instagram,RF,det,twitter,det,instagram,1,1.0,1.0,1.0,1.0,0.0,0.0,1
pairs_twitter_instagram,RF,asiace,twitter,asiace,instagram,1,1.0,1.0,1.0,1.0,0.0,0.0,1
pairs_twitter_instagram,RF,joem,twitter,joem,instagram,1,1.0,1.0,1.0,1.0,0.0,0.0,1
pairs_twitter_instagram,RF,davidredelberger,twitter,davidredelberger,instagram,1,1.0,1.0,1.0,1.0,0.0,0.0,1
pairs_twitter_instagram,RF,paulasimoes,twitter,paulasimoes,instagram,1,1.0,1.0,1.0,1.0,0.0,0.0,1
pairs_twitter_instagram,RF,tlindorfer,twitter,tlindorfer,instagram,1,1.0,1.0,1.0,1.0,0.0,0.0,1
pairs_twitter_instagram,RF,fmrcastro,twitter,fmrcastro,instagram,1,1.0,1.0,1.0,1.0,0.0,0.0,1
pairs_twitter_instagram,RF,nickitens,twitter,nickitens,instagram,1,1.0,1.0,1.0,1.0,0.0,0.0,1
pairs_twitter_instagram,RF,razshafer,twitter,razshafer,instagram,1,1.0,1.0,1.0,1.0,0.0,0.0,1
pairs_twitter_instagram,RF,blairmosberg,twitter,blairmosberg,instagram,1,1.0,1.0,1.0,1.0,0.0,0.0,1
pairs_twitter_instagram,RF,phuzylogik,twitter,phuzylogik,instagram,1,1.0,1.0,1.0,1.0,0.0,0.0,1
pairs_twitter_instagram,RF,pavelrakusan,twitter,pavelrakusan,instagram,1,1.0,1.0,1.0,1.0,0.0,0.0,1
pairs_twitter_instagram,RF,marnitako,twitter,marnitako,instagram,1,1.0,1.0,1.0,1.0,0.0,0.0,1
pairs_twitter_instagram,RF,thedudedean,twitter,thedudedean,instagram,1,1.0,1.0,1.0,1.0,0.0,0.0,1
pairs_twitter_instagram,RF,swissmountainleader,twitter,swissmountainleader,instagram,1,1.0,1.0,1.0,1.0,0.0,0.0,1
pairs_twitter_instagram,RF,genosbil,twitter,genosbil,instagram,1,1.0,1.0,1.0,1.0,0.0,0.0,1
pairs_twitter_instagram,RF,maddalenafaedo,twitter,maddalenafaedo,instagram,1,1.0,1.0,1.0,1.0,0.0,0.0,1
pairs_twitter_instagram,RF,cecilyarambula,twitter,cecilyarambula,instagram,1,1.0,1.0,1.0,1.0,0.0,0.0,1
pairs_twitter_instagram,RF,joshuahor,twitter,joshuahor,instagram,1,1.0,1.0,1.0,1.0,0.0,0.0,1
pairs_twitter_instagram,RF,kevinlimfungyen,twitter,kevinlimfungyen,instagram,1,1.0,1.0,1.0,1.0,0.0,0.0,1
pairs_twitter_instagram,RF,stevencullifer,twitter,stevencullifer,instagram,1,1.0,1.0,1.0,1.0,0.0,0.0,1
pairs_twitter_instagram,RF,ravimohan2,twitter,ravimohan2,instagram,1,1.0,1.0,1.0,1.0,0.0,0.0,1
pairs_twitter_instagram,RF,victoriafield,twitter,victoriafield,instagram,1,1.0,1.0,1.0,1.0,0.0,0.0,1
pairs_twitter_instagram,RF,albertodowning,twitter,albertodowning,instagram,1,1.0,1.0,1.0,1.0,0.0,0.0,1
pairs_twitter_instagram,RF,chammccutchen,twitter,chammccutchen,instagram,1,1.0,1.0,1.0,1.0,0.0,0.0,1
pairs_twitter_instagram,RF,paulpereira,twitter,paulpereira,instagram,1,1.0,1.0,1.0,1.0,0.0,0.0,1
pairs_twitter_instagram,RF,stephenbarr,twitter,stephenbarr,instagram,1,1.0,1.0,1.0,1.0,0.0,0.0,1
pairs_twitter_instagram,RF,saratpollock,twitter,saratpollock,instagram,1,1.0,1.0,1.0,1.0,0.0,0.0,1
pairs_twitter_instagram,RF,miguelsanchz,twitter,miguelsanchz,instagram,1,1.0,1.0,1.0,1.0,0.0,0.0,1
pairs_twitter_instagram,RF,danieltaylor,twitter,danieltaylor,instagram,1,1.0,1.0,1.0,1.0,0.0,0.0,1
pairs_twitter_instagram,RF,hyperbreed,twitter,hyperbreed,instagram,1,1.0,1.0,1.0,1.0,0.0,0.0,1
pairs_twitter_instagram,RF,rjjaramillo,twitter,rjjaramillo,instagram,1,1.0,1.0,1.0,1.0,0.0,0.0,1
pairs_twitter_instagram,RF,sebgonza,twitter,sebgonza,instagram,1,1.0,1.0,1.0,1.0,0.0,0.0,1
pairs_twitter_instagram,RF,omerabdellatif,twitter,omerabdellatif,instagram,1,1.0,1.0,1.0,1.0,0.0,0.0,1
pairs_twitter_instagram,RF,natelandau,twitter,natelandau,instagram,1,1.0,1.0,1.0,1.0,0.0,0.0,1
pairs_twitter_instagram,RF,jonathanfleming,twitter,jonathanfleming,instagram,1,1.0,1.0,1.0,1.0,0.0,0.0,1
pairs_twitter_instagram,RF,janbush,twitter,janbush,instagram,1,1.0,1.0,1.0,1.0,0.0,0.0,1
pairs_twitter_instagram,RF,almowhed,twitter,almowhed,instagram,1,1.0,1.0,1.0,1.0,0.0,0.0,1
pairs_twitter_instagram,RF,angelikalattner,twitter,angelikalattner,instagram,1,1.0,1.0,1.0,1.0,0.0,0.0,1
pairs_twitter_instagram,RF,steveweston,twitter,steveweston,instagram,1,1.0,1.0,1.0,1.0,0.0,0.0,1
pairs_twitter_instagram,RF,christopherdavidkaufman,twitter,christopherdavidkaufman,instagram,1,1.0,1.0,1.0,1.0,0.0,0.0,1
pairs_twitter_instagram,RF,axmai,twitter,axmai,instagram,1,1.0,1.0,1.0,1.0,0.0,0.0,1
pairs_twitter_instagram,RF,jacquesshu,twitter,jacquesshu,instagram,1,1.0,1.0,1.0,1.0,0.0,0.0,1
pairs_twitter_instagram,RF,juniortv,twitter,juniortv,instagram,1,1.0,1.0,1.0,1.0,0.0,0.0,1
pairs_twitter_instagram,RF,humanlie,twitter,humanlie,instagram,1,1.0,1.0,1.0,1.0,0.0,0.0,1
pairs_twitter_instagram,RF,charyshed,twitter,charyshed,instagram,1,1.0,1.0,1.0,1.0,0.0,0.0,1
pairs_twitter_instagram,RF,jcriqqelme,twitter,jcriqqelme,instagram,1,1.0,1.0,1.0,1.0,0.0,0.0,1
pairs_twitter_instagram,RF,justindoub,twitter,justindoub,instagram,1,1.0,1.0,1.0,1.0,0.0,0.0,1
pairs_twitter_instagram,RF,nosepuedevlc,twitter,nosepuedevlc,instagram,1,1.0,1.0,1.0,1.0,0.0,0.0,1
pairs_twitter_instagram,RF,jkshim,twitter,jkshim,instagram,1,1.0,1.0,1.0,1.0,0.0,0.0,1
pairs_twitter_instagram,RF,wideawakeness,twitter,wideawakeness,instagram,1,1.0,1.0,1.0,1.0,0.0,0.0,1
pairs_twitter_instagram,RF,rachelzevita,twitter,rachelzevita,instagram,1,1.0,1.0,1.0,1.0,0.0,0.0,1
pairs_twitter_instagram,RF,dianaantholis,twitter,dianaantholis,instagram,1,1.0,1.0,1.0,1.0,0.0,0.0,1
pairs_twitter_instagram,RF,marisasabatini,twitter,marisasabatini,instagram,1,1.0,1.0,1.0,1.0,0.0,0.0,1
pairs_twitter_instagram,RF,jaycorcoran,twitter,jaycorcoran,instagram,1,1.0,1.0,1.0,1.0,0.0,0.0,1
pairs_twitter_instagram,RF,tomparadiso,twitter,tomparadiso,instagram,1,1.0,1.0,1.0,1.0,0.0,0.0,1
pairs_twitter_instagram,RF,johnayers,twitter,johnayers,instagram,1,1.0,1.0,1.0,1.0,0.0,0.0,1
pairs_twitter_instagram,RF,paulerland,twitter,paulerland,instagram,1,1.0,1.0,1.0,1.0,0.0,0.0,1
pairs_twitter_instagram,RF,fionagraham,twitter,fionagraham,instagram,1,1.0,1.0,1.0,1.0,0.0,0.0,1
pairs_twitter_instagram,RF,silviafattori,twitter,silviafattori,instagram,1,1.0,1.0,1.0,1.0,0.0,0.0,1
pairs_twitter_instagram,RF,flyzipper,twitter,flyzipper,instagram,1,1.0,1.0,1.0,1.0,0.0,0.0,1
pairs_twitter_instagram,RF,christianperez,twitter,christianperez,instagram,1,1.0,1.0,1.0,1.0,0.0,0.0,1
pairs_twitter_instagram,RF,laurenhard,twitter,laurenhard,instagram,1,1.0,1.0,1.0,1.0,0.0,0.0,1
pairs_twitter_instagram,RF,stuttgarter,twitter,stuttgarter,instagram,1,1.0,1.0,1.0,1.0,0.0,0.0,1
pairs_twitter_instagram,RF,eole,twitter,eole,instagram,1,1.0,1.0,1.0,1.0,0.0,0.0,1
pairs_twitter_instagram,RF,dezelquillen,twitter,dezelquillen,instagram,1,1.0,1.0,1.0,1.0,0.0,0.0,1
pairs_twitter_instagram,RF,mitchenglish,twitter,mitchenglish,instagram,1,1.0,1.0,1.0,1.0,0.0,0.0,1
pairs_twitter_instagram,RF,rielax,twitter,rielax,instagram,1,1.0,1.0,1.0,1.0,0.0,0.0,1
pairs_twitter_instagram,RF,jasonmartorana,twitter,jasonmartorana,instagram,1,1.0,1.0,1.0,1.0,0.0,0.0,1
pairs_twitter_instagram,RF,ajeyapaul,twitter,ajeyapaul,instagram,1,1.0,1.0,1.0,1.0,0.0,0.0,1
pairs_twitter_instagram,RF,jacquibrown,twitter,jacquibrown,instagram,1,1.0,1.0,1.0,1.0,0.0,0.0,1
pairs_twitter_instagram,RF,guedadojacopomele,twitter,guedadojacopomele,instagram,1,1.0,1.0,1.0,1.0,0.0,0.0,1
pairs_twitter_instagram,RF,mhantirah,twitter,mhantirah,instagram,1,1.0,1.0,1.0,1.0,0.0,0.0,1
pairs_twitter_instagram,RF,bensonhendrix,twitter,bensonhendrix,instagram,1,1.0,1.0,1.0,1.0,0.0,0.0,1
pairs_twitter_instagram,RF,janifer,twitter,janifer,instagram,1,1.0,1.0,1.0,1.0,0.0,0.0,1
pairs_twitter_instagram,RF,marqueee,twitter,marqueee,instagram,1,1.0,1.0,1.0,1.0,0.0,0.0,1
pairs_twitter_instagram,RF,ube17,twitter,ube17,instagram,1,1.0,1.0,1.0,1.0,0.0,0.0,1
pairs_twitter_instagram,RF,fabrymondino,twitter,fabrymondino,instagram,1,1.0,1.0,1.0,1.0,0.0,0.0,1
pairs_twitter_instagram,RF,jasonchan,twitter,jasonchan,instagram,1,1.0,1.0,1.0,1.0,0.0,0.0,1
pairs_twitter_instagram,RF,sfharper,twitter,sfharper,instagram,1,1.0,1.0,1.0,1.0,0.0,0.0,1
pairs_twitter_instagram,RF,ahh,twitter,ahh,instagram,1,1.0,1.0,1.0,1.0,0.0,0.0,1
pairs_twitter_instagram,RF,muccitas,twitter,muccitas,instagram,1,1.0,1.0,1.0,1.0,0.0,0.0,1
pairs_twitter_instagram,RF,gwalter,twitter,gwalter,instagram,1,1.0,1.0,1.0,1.0,0.0,0.0,1
pairs_twitter_instagram,RF,heatherho,twitter,heatherho,instagram,1,1.0,1.0,1.0,1.0,0.0,0.0,1
pairs_twitter_instagram,RF,eryk,twitter,eryk,instagram,1,1.0,1.0,1.0,1.0,0.0,0.0,1
pairs_twitter_instagram,RF,calistoga,twitter,calistoga,instagram,1,1.0,1.0,1.0,1.0,0.0,0.0,1
pairs_twitter_instagram,RF,coreyjo,twitter,coreyjo,instagram,1,1.0,1.0,1.0,1.0,0.0,0.0,1
pairs_twitter_instagram,RF,hflpjtrade,twitter,hflpjtrade,instagram,1,1.0,1.0,1.0,1.0,0.0,0.0,1
pairs_twitter_instagram,RF,artiedavis,twitter,artiedavis,instagram,1,1.0,1.0,1.0,1.0,0.0,0.0,1
pairs_twitter_instagram,RF,aimeelane,twitter,aimeelane,instagram,1,1.0,1.0,1.0,1.0,0.0,0.0,1
pairs_twitter_instagram,RF,zeravlar,twitter,zeravlar,instagram,1,1.0,1.0,1.0,1.0,0.0,0.0,1
pairs_twitter_instagram,RF,galobart,twitter,galobart,instagram,1,1.0,1.0,1.0,1.0,0.0,0.0,1
pairs_twitter_instagram,RF,mjarron,twitter,mjarron,instagram,1,1.0,1.0,1.0,1.0,0.0,0.0,1
pairs_twitter_instagram,RF,intercer,twitter,intercer,instagram,1,1.0,1.0,1.0,1.0,0.0,0.0,1
pairs_twitter_instagram,RF,jasonloehr,twitter,jasonloehr,instagram,1,1.0,1.0,1.0,1.0,0.0,0.0,1
pairs_twitter_instagram,RF,elenavelez,twitter,elenavelez,instagram,1,1.0,1.0,1.0,1.0,0.0,0.0,1
pairs_twitter_instagram,RF,neotrix,twitter,neotrix,instagram,1,1.0,1.0,1.0,1.0,0.0,0.0,1
pairs_twitter_instagram,RF,misteranggie,twitter,misteranggie,instagram,1,1.0,1.0,1.0,1.0,0.0,0.0,1
pairs_twitter_instagram,RF,montezmccrary,twitter,montezmccrary,instagram,1,1.0,1.0,1.0,1.0,0.0,0.0,1
pairs_twitter_instagram,RF,gerhardheinrich,twitter,gerhardheinrich,instagram,1,1.0,1.0,1.0,1.0,0.0,0.0,1
pairs_twitter_instagram,RF,anthonyvelazquez,twitter,anthonyvelazquez,instagram,1,1.0,1.0,1.0,1.0,0.0,0.0,1
pairs_twitter_instagram,RF,tinrocket,twitter,tinrocket,instagram,1,1.0,1.0,1.0,1.0,0.0,0.0,1
pairs_twitter_instagram,RF,javierandreu,twitter,javierandreu,instagram,1,1.0,1.0,1.0,1.0,0.0,0.0,1
pairs_twitter_instagram,RF,madovsky,twitter,madovsky,instagram,1,1.0,1.0,1.0,1.0,0.0,0.0,1
pairs_twitter_instagram,RF,juliemaure,twitter,juliemaure,instagram,1,1.0,1.0,1.0,1.0,0.0,0.0,1
pairs_twitter_instagram,RF,isaacsmith,twitter,isaacsmith,instagram,1,1.0,1.0,1.0,1.0,0.0,0.0,1
pairs_twitter_instagram,RF,joshaidan,twitter,joshaidan,instagram,1,1.0,1.0,1.0,1.0,0.0,0.0,1
pairs_twitter_instagram,RF,thomaspleil,twitter,thomaspleil,instagram,1,1.0,1.0,1.0,1.0,0.0,0.0,1
pairs_twitter_instagram,RF,normiesd,twitter,normiesd,instagram,1,1.0,1.0,1.0,1.0,0.0,0.0,1
pairs_twitter_instagram,RF,rafaelochoa,twitter,rafaelochoa,instagram,1,1.0,1.0,1.0,1.0,0.0,0.0,1
pairs_twitter_instagram,RF,vicdiaz,twitter,vicdiaz,instagram,1,1.0,1.0,1.0,1.0,0.0,0.0,1
pairs_twitter_instagram,RF,perzennstrom,twitter,perzennstrom,instagram,1,1.0,1.0,1.0,1.0,0.0,0.0,1
pairs_twitter_instagram,RF,emiloberg,twitter,emiloberg,instagram,1,1.0,1.0,1.0,1.0,0.0,0.0,1
pairs_twitter_instagram,RF,rommiej,twitter,rommiej,instagram,1,1.0,1.0,1.0,1.0,0.0,0.0,1
pairs_twitter_instagram,RF,barneyallen,twitter,barneyallen,instagram,1,1.0,1.0,1.0,1.0,0.0,0.0,1
pairs_twitter_instagram,RF,djthedoctor,twitter,djthedoctor,instagram,1,1.0,1.0,1.0,1.0,0.0,0.0,1
pairs_twitter_instagram,RF,seancoyne,twitter,seancoyne,instagram,1,1.0,1.0,1.0,1.0,0.0,0.0,1
pairs_twitter_instagram,RF,lr,twitter,lr,instagram,1,1.0,1.0,1.0,1.0,0.0,0.0,1
pairs_twitter_instagram,RF,andreacastelli,twitter,andreacastelli,instagram,1,1.0,1.0,1.0,1.0,0.0,0.0,1
pairs_twitter_instagram,RF,iankath,twitter,iankath,instagram,1,1.0,1.0,1.0,1.0,0.0,0.0,1
pairs_twitter_instagram,RF,timpowell,twitter,timpowell,instagram,1,1.0,1.0,1.0,1.0,0.0,0.0,1
pairs_twitter_instagram,RF,maysounhanna,twitter,maysounhanna,instagram,1,1.0,1.0,1.0,1.0,0.0,0.0,1
pairs_twitter_instagram,RF,shelleywest,twitter,shelleywest,instagram,1,1.0,1.0,1.0,1.0,0.0,0.0,1
pairs_twitter_instagram,RF,punzoo,twitter,punzoo,instagram,1,1.0,1.0,1.0,1.0,0.0,0.0,1
pairs_twitter_instagram,RF,gemmaphelan,twitter,gemmaphelan,instagram,1,1.0,1.0,1.0,1.0,0.0,0.0,1
pairs_twitter_instagram,RF,otir,twitter,otir,instagram,1,1.0,1.0,1.0,1.0,0.0,0.0,1
pairs_twitter_instagram,RF,platinumvoicepr,twitter,platinumvoicepr,instagram,1,1.0,1.0,1.0,1.0,0.0,0.0,1
pairs_twitter_instagram,RF,robertjonathan,twitter,robertjonathan,instagram,1,1.0,1.0,1.0,1.0,0.0,0.0,1
pairs_twitter_instagram,RF,vivienchan,twitter,vivienchan,instagram,1,1.0,1.0,1.0,1.0,0.0,0.0,1
pairs_twitter_instagram,RF,kennyrivas,twitter,kennyrivas,instagram,1,1.0,1.0,1.0,1.0,0.0,0.0,1
pairs_twitter_instagram,RF,joselopezarcos,twitter,joselopezarcos,instagram,1,1.0,1.0,1.0,1.0,0.0,0.0,1
pairs_twitter_instagram,RF,victormlgh,twitter,victormlgh,instagram,1,1.0,1.0,1.0,1.0,0.0,0.0,1
pairs_twitter_instagram,RF,jasonmarineau,twitter,jasonmarineau,instagram,1,1.0,1.0,1.0,1.0,0.0,0.0,1
pairs_twitter_instagram,RF,kylemadson,twitter,kylemadson,instagram,1,1.0,1.0,1.0,1.0,0.0,0.0,1
pairs_twitter_instagram,RF,tyroneeaton,twitter,tyroneeaton,instagram,1,1.0,1.0,1.0,1.0,0.0,0.0,1
pairs_twitter_instagram,RF,xavilife,twitter,xavilife,instagram,1,1.0,1.0,1.0,1.0,0.0,0.0,1
pairs_twitter_instagram,RF,rbanffy,twitter,rbanffy,instagram,1,1.0,1.0,1.0,1.0,0.0,0.0,1
pairs_twitter_instagram,RF,cris33,twitter,cris33,instagram,1,1.0,1.0,1.0,1.0,0.0,0.0,1
pairs_twitter_instagram,RF,alexandrakozlova,twitter,alexandrakozlova,instagram,1,1.0,1.0,1.0,1.0,0.0,0.0,1
pairs_twitter_instagram,RF,rockstarmomlv,twitter,rockstarmomlv,instagram,1,1.0,1.0,1.0,1.0,0.0,0.0,1
pairs_twitter_instagram,RF,danweese,twitter,danweese,instagram,1,1.0,1.0,1.0,1.0,0.0,0.0,1
pairs_twitter_instagram,RF,koky1982,twitter,koky1982,instagram,1,1.0,1.0,1.0,1.0,0.0,0.0,1
pairs_twitter_instagram,RF,chonilla,twitter,chonilla,instagram,1,1.0,1.0,1.0,1.0,0.0,0.0,1
pairs_twitter_instagram,RF,darrymorales,twitter,darrymorales,instagram,1,1.0,1.0,1.0,1.0,0.0,0.0,1
pairs_twitter_instagram,RF,mlucasx,twitter,mlucasx,instagram,1,1.0,1.0,1.0,1.0,0.0,0.0,1
pairs_twitter_instagram,RF,enricvega,twitter,enricvega,instagram,1,1.0,1.0,1.0,1.0,0.0,0.0,1
pairs_twitter_instagram,RF,ekapol,twitter,ekapol,instagram,1,1.0,1.0,1.0,1.0,0.0,0.0,1
pairs_twitter_instagram,RF,klappacher,twitter,klappacher,instagram,1,1.0,1.0,1.0,1.0,0.0,0.0,1
pairs_twitter_instagram,RF,fig,twitter,fig,instagram,1,1.0,1.0,1.0,1.0,0.0,0.0,1
pairs_twitter_instagram,RF,jwike,twitter,jwike,instagram,1,1.0,1.0,1.0,1.0,0.0,0.0,1
pairs_twitter_instagram,RF,rohnjay,twitter,rohnjay,instagram,1,1.0,1.0,1.0,1.0,0.0,0.0,1
pairs_twitter_instagram,RF,paulinasalazar,twitter,paulinasalazar,instagram,1,1.0,1.0,1.0,1.0,0.0,0.0,1
pairs_twitter_instagram,RF,mattmassaro,twitter,mattmassaro,instagram,1,1.0,1.0,1.0,1.0,0.0,0.0,1
pairs_twitter_instagram,RF,papatyakaradede,twitter,papatyakaradede,instagram,1,1.0,1.0,1.0,1.0,0.0,0.0,1
pairs_twitter_instagram,RF,hookedonwax,twitter,hookedonwax,instagram,1,1.0,1.0,1.0,1.0,0.0,0.0,1
pairs_twitter_instagram,RF,caitlingarzi,twitter,caitlingarzi,instagram,1,1.0,1.0,1.0,1.0,0.0,0.0,1
pairs_twitter_instagram,RF,joysgupta,twitter,joysgupta,instagram,1,1.0,1.0,1.0,1.0,0.0,0.0,1
pairs_twitter_instagram,RF,naturesknockout,twitter,naturesknockout,instagram,1,1.0,1.0,1.0,1.0,0.0,0.0,1
pairs_twitter_instagram,RF,mirkojankovic,twitter,mirkojankovic,instagram,1,1.0,1.0,1.0,1.0,0.0,0.0,1
pairs_twitter_instagram,RF,roannarupinta,twitter,roannarupinta,instagram,1,1.0,1.0,1.0,1.0,0.0,0.0,1
pairs_twitter_instagram,RF,cheeseberger,twitter,cheeseberger,instagram,1,1.0,1.0,1.0,1.0,0.0,0.0,1
pairs_twitter_instagram,RF,sungoddess,twitter,sungoddess,instagram,1,1.0,1.0,1.0,1.0,0.0,0.0,1
pairs_twitter_instagram,RF,luizalgarra,twitter,luizalgarra,instagram,1,1.0,1.0,1.0,1.0,0.0,0.0,1
pairs_twitter_instagram,RF,martinosabia,twitter,martinosabia,instagram,1,1.0,1.0,1.0,1.0,0.0,0.0,1
pairs_twitter_instagram,RF,toriegehlmeyer,twitter,toriegehlmeyer,instagram,1,1.0,1.0,1.0,1.0,0.0,0.0,1
pairs_twitter_instagram,RF,mikewhitmore,twitter,mikewhitmore,instagram,1,1.0,1.0,1.0,1.0,0.0,0.0,1
pairs_twitter_instagram,RF,amateurx,twitter,amateurx,instagram,1,1.0,1.0,1.0,1.0,0.0,0.0,1
pairs_twitter_instagram,RF,thanser,twitter,thanser,instagram,1,1.0,1.0,1.0,1.0,0.0,0.0,1
pairs_twitter_instagram,RF,semilla,twitter,semilla,instagram,1,1.0,1.0,1.0,1.0,0.0,0.0,1
pairs_twitter_instagram,RF,bboylaba,twitter,bboylaba,instagram,1,1.0,1.0,1.0,1.0,0.0,0.0,1
pairs_twitter_instagram,RF,itsvitorgomes,twitter,itsvitorgomes,instagram,1,1.0,1.0,1.0,1.0,0.0,0.0,1
pairs_twitter_instagram,RF,chrishartley,twitter,chrishartley,instagram,1,1.0,1.0,1.0,1.0,0.0,0.0,1
pairs_twitter_instagram,RF,melteruz,twitter,melteruz,instagram,1,1.0,1.0,1.0,1.0,0.0,0.0,1
pairs_twitter_instagram,RF,pablomartino,twitter,pablomartino,instagram,1,1.0,1.0,1.0,1.0,0.0,0.0,1
pairs_twitter_instagram,RF,juangarcias,twitter,juangarcias,instagram,1,1.0,1.0,1.0,1.0,0.0,0.0,1
pairs_twitter_instagram,RF,skyjunior203,twitter,skyjunior203,instagram,1,1.0,1.0,1.0,1.0,0.0,0.0,1
pairs_twitter_instagram,RF,deya,twitter,deya,instagram,1,1.0,1.0,1.0,1.0,0.0,0.0,1
pairs_twitter_instagram,RF,sunshinessui,twitter,sunshinessui,instagram,1,1.0,1.0,1.0,1.0,0.0,0.0,1
pairs_twitter_instagram,RF,irinaradchenko,twitter,irinaradchenko,instagram,1,1.0,1.0,1.0,1.0,0.0,0.0,1
pairs_twitter_instagram,RF,djduncan,twitter,djduncan,instagram,1,1.0,1.0,1.0,1.0,0.0,0.0,1
pairs_twitter_instagram,RF,jonartlucas,twitter,jonartlucas,instagram,1,1.0,1.0,1.0,1.0,0.0,0.0,1
pairs_twitter_instagram,RF,markustressl,twitter,markustressl,instagram,1,1.0,1.0,1.0,1.0,0.0,0.0,1
pairs_twitter_instagram,RF,tellurideblues,twitter,tellurideblues,instagram,1,1.0,1.0,1.0,1.0,0.0,0.0,1
pairs_twitter_instagram,RF,martincwalter,twitter,martincwalter,instagram,1,1.0,1.0,1.0,1.0,0.0,0.0,1
pairs_twitter_instagram,RF,kariemitchell,twitter,kariemitchell,instagram,1,1.0,1.0,1.0,1.0,0.0,0.0,1
pairs_twitter_instagram,RF,daniellekogan,twitter,daniellekogan,instagram,1,1.0,1.0,1.0,1.0,0.0,0.0,1
pairs_twitter_instagram,RF,nicklove,twitter,nicklove,instagram,1,1.0,1.0,1.0,1.0,0.0,0.0,1
pairs_twitter_instagram,RF,tommyp,twitter,tommyp,instagram,1,1.0,1.0,1.0,1.0,0.0,0.0,1
pairs_twitter_instagram,RF,damianopovoleri,twitter,damianopovoleri,instagram,1,1.0,1.0,1.0,1.0,0.0,0.0,1
pairs_twitter_instagram,RF,libertrand,twitter,libertrand,instagram,1,1.0,1.0,1.0,1.0,0.0,0.0,1
pairs_twitter_instagram,RF,amrinlong,twitter,amrinlong,instagram,1,1.0,1.0,1.0,1.0,0.0,0.0,1
pairs_twitter_instagram,RF,ryanjgoodman,twitter,ryanjgoodman,instagram,1,1.0,1.0,1.0,1.0,0.0,0.0,1
pairs_twitter_instagram,RF,carstenlange,twitter,carstenlange,instagram,1,1.0,1.0,1.0,1.0,0.0,0.0,1
pairs_twitter_instagram,RF,joelynndesign,twitter,joelynndesign,instagram,1,1.0,1.0,1.0,1.0,0.0,0.0,1
pairs_twitter_instagram,RF,volkovroman,twitter,volkovroman,instagram,1,1.0,1.0,1.0,1.0,0.0,0.0,1
pairs_twitter_instagram,RF,kevanobrien,twitter,kevanobrien,instagram,1,1.0,1.0,1.0,1.0,0.0,0.0,1
pairs_twitter_instagram,RF,carolyncummins,twitter,carolyncummins,instagram,1,1.0,1.0,1.0,1.0,0.0,0.0,1
pairs_twitter_instagram,RF,leiah,twitter,leiah,instagram,1,1.0,1.0,1.0,1.0,0.0,0.0,1
pairs_twitter_instagram,RF,jasondupuis,twitter,jasondupuis,instagram,1,1.0,1.0,1.0,1.0,0.0,0.0,1
pairs_twitter_instagram,RF,fotokiosk,twitter,fotokiosk,instagram,1,1.0,1.0,1.0,1.0,0.0,0.0,1
pairs_twitter_instagram,RF,hansvaneijsden,twitter,hansvaneijsden,instagram,1,1.0,1.0,1.0,1.0,0.0,0.0,1
pairs_twitter_instagram,RF,adventuresinc,twitter,adventuresinc,instagram,1,1.0,1.0,1.0,1.0,0.0,0.0,1
pairs_twitter_instagram,RF,seraphim,twitter,seraphim,instagram,1,1.0,1.0,1.0,1.0,0.0,0.0,1
pairs_twitter_instagram,RF,roadzy,twitter,roadzy,instagram,1,1.0,1.0,1.0,1.0,0.0,0.0,1
pairs_twitter_instagram,RF,denikasep,twitter,denikasep,instagram,1,1.0,1.0,1.0,1.0,0.0,0.0,1
pairs_twitter_instagram,RF,erinslick,twitter,erinslick,instagram,1,1.0,1.0,1.0,1.0,0.0,0.0,1
pairs_twitter_instagram,RF,pressnet,twitter,pressnet,instagram,1,1.0,1.0,1.0,1.0,0.0,0.0,1
pairs_twitter_instagram,RF,eduardohernandezcamacho,twitter,eduardohernandezcamacho,instagram,1,1.0,1.0,1.0,1.0,0.0,0.0,1
pairs_twitter_instagram,RF,jonhowson,twitter,jonhowson,instagram,1,1.0,1.0,1.0,1.0,0.0,0.0,1
pairs_twitter_instagram,RF,germer,twitter,germer,instagram,1,1.0,1.0,1.0,1.0,0.0,0.0,1
pairs_twitter_instagram,RF,tomasfragoso,twitter,tomasfragoso,instagram,1,1.0,1.0,1.0,1.0,0.0,0.0,1
pairs_twitter_instagram,RF,rappler,twitter,rappler,instagram,1,1.0,1.0,1.0,1.0,0.0,0.0,1
pairs_twitter_instagram,RF,marioh,twitter,marioh,instagram,1,1.0,1.0,1.0,1.0,0.0,0.0,1
pairs_twitter_instagram,RF,venicebeachstyl,twitter,venicebeachstyl,instagram,1,1.0,1.0,1.0,1.0,0.0,0.0,1
pairs_twitter_instagram,RF,dlosuna,twitter,dlosuna,instagram,1,1.0,1.0,1.0,1.0,0.0,0.0,1
pairs_twitter_instagram,RF,lucaantonini,twitter,lucaantonini,instagram,1,1.0,1.0,1.0,1.0,0.0,0.0,1
pairs_twitter_instagram,RF,fedsimonetti,twitter,fedsimonetti,instagram,1,1.0,1.0,1.0,1.0,0.0,0.0,1
pairs_twitter_instagram,RF,elerick,twitter,elerick,instagram,1,1.0,1.0,1.0,1.0,0.0,0.0,1
pairs_twitter_instagram,RF,socialleslie,twitter,socialleslie,instagram,1,1.0,1.0,1.0,1.0,0.0,0.0,1
pairs_twitter_instagram,RF,betooliveira,twitter,betooliveira,instagram,1,1.0,1.0,1.0,1.0,0.0,0.0,1
pairs_twitter_instagram,RF,jogarrett,twitter,jogarrett,instagram,1,1.0,1.0,1.0,1.0,0.0,0.0,1
pairs_twitter_instagram,RF,natelockwood,twitter,natelockwood,instagram,1,1.0,1.0,1.0,1.0,0.0,0.0,1
pairs_twitter_instagram,RF,jeansanchez,twitter,jeansanchez,instagram,1,1.0,1.0,1.0,1.0,0.0,0.0,1
pairs_twitter_instagram,RF,yudik,twitter,yudik,instagram,1,1.0,1.0,1.0,1.0,0.0,0.0,1
pairs_twitter_instagram,RF,manubordera,twitter,manubordera,instagram,1,1.0,1.0,1.0,1.0,0.0,0.0,1
pairs_twitter_instagram,RF,dominicfuchs,twitter,dominicfuchs,instagram,1,1.0,1.0,1.0,1.0,0.0,0.0,1
pairs_twitter_instagram,RF,katesalyers,twitter,katesalyers,instagram,1,1.0,1.0,1.0,1.0,0.0,0.0,1
pairs_twitter_instagram,RF,linji,twitter,linji,instagram,1,1.0,1.0,1.0,1.0,0.0,0.0,1
pairs_twitter_instagram,RF,billelsey,twitter,billelsey,instagram,1,1.0,1.0,1.0,1.0,0.0,0.0,1
pairs_twitter_instagram,RF,juliahull,twitter,juliahull,instagram,1,1.0,1.0,1.0,1.0,0.0,0.0,1
pairs_twitter_instagram,RF,zia505,twitter,zia505,instagram,1,1.0,1.0,1.0,1.0,0.0,0.0,1
pairs_twitter_instagram,RF,ehrok,twitter,ehrok,instagram,1,1.0,1.0,1.0,1.0,0.0,0.0,1
pairs_twitter_instagram,RF,alhasani,twitter,alhasani,instagram,1,1.0,1.0,1.0,1.0,0.0,0.0,1
pairs_twitter_instagram,RF,kevinjimeno,twitter,kevinjimeno,instagram,1,1.0,1.0,1.0,1.0,0.0,0.0,1
pairs_twitter_instagram,RF,jorgeramossantos,twitter,jorgeramossantos,instagram,1,1.0,1.0,1.0,1.0,0.0,0.0,1
pairs_twitter_instagram,RF,daimanuel,twitter,daimanuel,instagram,1,1.0,1.0,1.0,1.0,0.0,0.0,1
pairs_twitter_instagram,RF,simonemccallum,twitter,simonemccallum,instagram,1,1.0,1.0,1.0,1.0,0.0,0.0,1
pairs_twitter_instagram,RF,marioalberto,twitter,marioalberto,instagram,1,1.0,1.0,1.0,1.0,0.0,0.0,1
pairs_twitter_instagram,RF,munta,twitter,munta,instagram,1,1.0,1.0,1.0,1.0,0.0,0.0,1
pairs_twitter_instagram,RF,hlh,twitter,hlh,instagram,1,1.0,1.0,1.0,1.0,0.0,0.0,1
pairs_twitter_instagram,RF,tanguymignot,twitter,tanguymignot,instagram,1,1.0,1.0,1.0,1.0,0.0,0.0,1
pairs_twitter_instagram,RF,mikedarcyhughes,twitter,mikedarcyhughes,instagram,1,1.0,1.0,1.0,1.0,0.0,0.0,1
pairs_twitter_instagram,RF,amandablain,twitter,amandablain,instagram,1,1.0,1.0,1.0,1.0,0.0,0.0,1
pairs_twitter_instagram,RF,rodrigoluna,twitter,rodrigoluna,instagram,1,1.0,1.0,1.0,1.0,0.0,0.0,1
pairs_twitter_instagram,RF,bluebrain,twitter,bluebrain,instagram,1,1.0,1.0,1.0,1.0,0.0,0.0,1
pairs_twitter_instagram,RF,jamiehinks,twitter,jamiehinks,instagram,1,1.0,1.0,1.0,1.0,0.0,0.0,1
pairs_twitter_instagram,RF,davefernandez,twitter,davefernandez,instagram,1,1.0,1.0,1.0,1.0,0.0,0.0,1
pairs_twitter_instagram,RF,ricseedbluebubbledesign,twitter,ricseedbluebubbledesign,instagram,1,1.0,1.0,1.0,1.0,0.0,0.0,1
pairs_twitter_instagram,RF,christiankoestlin,twitter,christiankoestlin,instagram,1,1.0,1.0,1.0,1.0,0.0,0.0,1
pairs_twitter_instagram,RF,maximdikun,twitter,maximdikun,instagram,1,1.0,1.0,1.0,1.0,0.0,0.0,1
pairs_twitter_instagram,RF,radiomann1,twitter,radiomann1,instagram,1,1.0,1.0,1.0,1.0,0.0,0.0,1
pairs_twitter_instagram,RF,elenaperez,twitter,elenaperez,instagram,1,1.0,1.0,1.0,1.0,0.0,0.0,1
pairs_twitter_instagram,RF,jimhicks,twitter,jimhicks,instagram,1,1.0,1.0,1.0,1.0,0.0,0.0,1
pairs_twitter_instagram,RF,lebohangbucibo,twitter,lebohangbucibo,instagram,1,1.0,1.0,1.0,1.0,0.0,0.0,1
pairs_twitter_instagram,RF,javiersanchez,twitter,javiersanchez,instagram,1,1.0,1.0,1.0,1.0,0.0,0.0,1
pairs_twitter_instagram,RF,sunanulhuda,twitter,sunanulhuda,instagram,1,1.0,1.0,1.0,1.0,0.0,0.0,1
pairs_twitter_instagram,RF,manuretea,twitter,manuretea,instagram,1,1.0,1.0,1.0,1.0,0.0,0.0,1
pairs_twitter_instagram,RF,jordanhaines,twitter,jordanhaines,instagram,1,1.0,1.0,1.0,1.0,0.0,0.0,1
pairs_twitter_instagram,RF,ibulat,twitter,ibulat,instagram,1,1.0,1.0,1.0,1.0,0.0,0.0,1
pairs_twitter_instagram,RF,paulseele,twitter,paulseele,instagram,1,1.0,1.0,1.0,1.0,0.0,0.0,1
pairs_twitter_instagram,RF,meryba,twitter,meryba,instagram,1,1.0,1.0,1.0,1.0,0.0,0.0,1
pairs_twitter_instagram,RF,mikestake,twitter,mikestake,instagram,1,1.0,1.0,1.0,1.0,0.0,0.0,1
pairs_twitter_instagram,RF,tks,twitter,tks,instagram,1,1.0,1.0,1.0,1.0,0.0,0.0,1
pairs_twitter_instagram,RF,scesini,twitter,scesini,instagram,1,1.0,1.0,1.0,1.0,0.0,0.0,1
pairs_twitter_instagram,RF,jaimerojasandaur,twitter,jaimerojasandaur,instagram,1,1.0,1.0,1.0,1.0,0.0,0.0,1
pairs_twitter_instagram,RF,yogurinha,twitter,yogurinha,instagram,1,1.0,1.0,1.0,1.0,0.0,0.0,1
pairs_twitter_instagram,RF,johnkaminski,twitter,johnkaminski,instagram,1,1.0,1.0,1.0,1.0,0.0,0.0,1
pairs_twitter_instagram,RF,melissagonzales,twitter,melissagonzales,instagram,1,1.0,1.0,1.0,1.0,0.0,0.0,1
pairs_twitter_instagram,RF,edscanlan,twitter,edscanlan,instagram,1,1.0,1.0,1.0,1.0,0.0,0.0,1
pairs_twitter_instagram,RF,suneeshlal,twitter,suneeshlal,instagram,1,1.0,1.0,1.0,1.0,0.0,0.0,1
pairs_twitter_instagram,RF,virgilalonso,twitter,virgilalonso,instagram,1,1.0,1.0,1.0,1.0,0.0,0.0,1
pairs_twitter_instagram,RF,attila,twitter,attila,instagram,1,1.0,1.0,1.0,1.0,0.0,0.0,1
pairs_twitter_instagram,RF,jessevalley,twitter,jessevalley,instagram,1,1.0,1.0,1.0,1.0,0.0,0.0,1
pairs_twitter_instagram,RF,traced,twitter,traced,instagram,1,1.0,1.0,1.0,1.0,0.0,0.0,1
pairs_twitter_instagram,RF,danehartwell,twitter,danehartwell,instagram,1,1.0,1.0,1.0,1.0,0.0,0.0,1
pairs_twitter_instagram,RF,greghyer,twitter,greghyer,instagram,1,1.0,1.0,1.0,1.0,0.0,0.0,1
pairs_twitter_instagram,RF,robseaver,twitter,robseaver,instagram,1,1.0,1.0,1.0,1.0,0.0,0.0,1
pairs_twitter_instagram,RF,kreiner,twitter,kreiner,instagram,1,1.0,1.0,1.0,1.0,0.0,0.0,1
pairs_twitter_instagram,RF,abo1bs,twitter,abo1bs,instagram,1,1.0,1.0,1.0,1.0,0.0,0.0,1
pairs_twitter_instagram,RF,negegabriel,twitter,negegabriel,instagram,1,1.0,1.0,1.0,1.0,0.0,0.0,1
pairs_twitter_instagram,RF,dougfrancis,twitter,dougfrancis,instagram,1,1.0,1.0,1.0,1.0,0.0,0.0,1
pairs_twitter_instagram,RF,murrayfrancis,twitter,murrayfrancis,instagram,1,1.0,1.0,1.0,1.0,0.0,0.0,1
pairs_twitter_instagram,RF,umarquez,twitter,umarquez,instagram,1,1.0,1.0,1.0,1.0,0.0,0.0,1
pairs_twitter_instagram,RF,davideesposto,twitter,davideesposto,instagram,1,1.0,1.0,1.0,1.0,0.0,0.0,1
pairs_twitter_instagram,RF,nataliamartinez,twitter,nataliamartinez,instagram,1,1.0,1.0,1.0,1.0,0.0,0.0,1
pairs_twitter_instagram,RF,bryanrapoza,twitter,bryanrapoza,instagram,1,1.0,1.0,1.0,1.0,0.0,0.0,1
pairs_twitter_instagram,RF,fabienadouani,twitter,fabienadouani,instagram,1,1.0,1.0,1.0,1.0,0.0,0.0,1
pairs_twitter_instagram,RF,jgorehampenney,twitter,jgorehampenney,instagram,1,1.0,1.0,1.0,1.0,0.0,0.0,1
pairs_twitter_instagram,RF,juliusjulius,twitter,juliusjulius,instagram,1,1.0,1.0,1.0,1.0,0.0,0.0,1
pairs_twitter_instagram,RF,dreaprieto,twitter,dreaprieto,instagram,1,1.0,1.0,1.0,1.0,0.0,0.0,1
pairs_twitter_instagram,RF,sebastianlofvall,twitter,sebastianlofvall,instagram,1,1.0,1.0,1.0,1.0,0.0,0.0,1
pairs_twitter_instagram,RF,bertboerland,twitter,bertboerland,instagram,1,1.0,1.0,1.0,1.0,0.0,0.0,1
pairs_twitter_instagram,RF,stephaniebogus,twitter,stephaniebogus,instagram,1,1.0,1.0,1.0,1.0,0.0,0.0,1
pairs_twitter_instagram,RF,bearenok,twitter,bearenok,instagram,1,1.0,1.0,1.0,1.0,0.0,0.0,1
pairs_twitter_instagram,RF,vizcacha,twitter,vizcacha,instagram,1,1.0,1.0,1.0,1.0,0.0,0.0,1
pairs_twitter_instagram,RF,axknightroad,twitter,axknightroad,instagram,1,1.0,1.0,1.0,1.0,0.0,0.0,1
pairs_twitter_instagram,RF,julianasakae,twitter,julianasakae,instagram,1,1.0,1.0,1.0,1.0,0.0,0.0,1
pairs_twitter_instagram,RF,marianosanfilippo,twitter,marianosanfilippo,instagram,1,1.0,1.0,1.0,1.0,0.0,0.0,1
pairs_twitter_instagram,RF,shehannf,twitter,shehannf,instagram,1,1.0,1.0,1.0,1.0,0.0,0.0,1
pairs_twitter_instagram,RF,looiss,twitter,looiss,instagram,1,1.0,1.0,1.0,1.0,0.0,0.0,1
pairs_twitter_instagram,RF,mathieubellet,twitter,mathieubellet,instagram,1,1.0,1.0,1.0,1.0,0.0,0.0,1
pairs_twitter_instagram,RF,kevinallocca,twitter,kevinallocca,instagram,1,1.0,1.0,1.0,1.0,0.0,0.0,1
pairs_twitter_instagram,RF,ajma,twitter,ajma,instagram,1,1.0,1.0,1.0,1.0,0.0,0.0,1
pairs_twitter_instagram,RF,jessienuz,twitter,jessienuz,instagram,1,1.0,1.0,1.0,1.0,0.0,0.0,1
pairs_twitter_instagram,RF,leannekoh,twitter,leannekoh,instagram,1,1.0,1.0,1.0,1.0,0.0,0.0,1
pairs_twitter_instagram,RF,turbidsoul,twitter,turbidsoul,instagram,1,1.0,1.0,1.0,1.0,0.0,0.0,1
pairs_twitter_instagram,RF,johnbyerrum,twitter,johnbyerrum,instagram,1,1.0,1.0,1.0,1.0,0.0,0.0,1
pairs_twitter_instagram,RF,scherre,twitter,scherre,instagram,1,1.0,1.0,1.0,1.0,0.0,0.0,1
pairs_twitter_instagram,RF,jellederoeck,twitter,jellederoeck,instagram,1,1.0,1.0,1.0,1.0,0.0,0.0,1
pairs_twitter_instagram,RF,matsgulbrandsen,twitter,matsgulbrandsen,instagram,1,1.0,1.0,1.0,1.0,0.0,0.0,1
pairs_twitter_instagram,RF,kostasdissios,twitter,kostasdissios,instagram,1,1.0,1.0,1.0,1.0,0.0,0.0,1
pairs_twitter_instagram,RF,markusortner,twitter,markusortner,instagram,1,1.0,1.0,1.0,1.0,0.0,0.0,1
pairs_twitter_instagram,RF,wwwgoherbeu,twitter,wwwgoherbeu,instagram,1,1.0,1.0,1.0,1.0,0.0,0.0,1
pairs_twitter_instagram,RF,glfreelancegraphic,twitter,saurospagnol,instagram,0,1.0,1.0,1.0,1.0,0.0,0.0,1
pairs_twitter_instagram,RF,davidweaver,twitter,davidweaver,instagram,1,1.0,1.0,1.0,1.0,0.0,0.0,1
pairs_twitter_instagram,RF,gilbertmc,twitter,gilbertmc,instagram,1,1.0,1.0,1.0,1.0,0.0,0.0,1
pairs_twitter_instagram,RF,haivo,twitter,haivo,instagram,1,1.0,1.0,1.0,1.0,0.0,0.0,1
pairs_twitter_instagram,RF,romybeatwriter,twitter,romybeatwriter,instagram,1,1.0,1.0,1.0,1.0,0.0,0.0,1
pairs_twitter_instagram,RF,handmadejewelry,twitter,handmadejewelry,instagram,1,1.0,1.0,1.0,1.0,0.0,0.0,1
pairs_twitter_instagram,RF,shelleysanders,twitter,shelleysanders,instagram,1,1.0,1.0,1.0,1.0,0.0,0.0,1
pairs_twitter_instagram,RF,outfoxer,twitter,outfoxer,instagram,1,1.0,1.0,1.0,1.0,0.0,0.0,1
pairs_twitter_instagram,RF,franktraylor,twitter,franktraylor,instagram,1,1.0,1.0,1.0,1.0,0.0,0.0,1
pairs_twitter_instagram,RF,matthewduncan,twitter,matthewduncan,instagram,1,1.0,1.0,1.0,1.0,0.0,0.0,1
pairs_twitter_instagram,RF,iabdulghani,twitter,iabdulghani,instagram,1,1.0,1.0,1.0,1.0,0.0,0.0,1
pairs_twitter_instagram,RF,shannonkelley,twitter,shannonkelley,instagram,1,1.0,1.0,1.0,1.0,0.0,0.0,1
pairs_twitter_instagram,RF,gtbundy,twitter,gtbundy,instagram,1,1.0,1.0,1.0,1.0,0.0,0.0,1
pairs_twitter_instagram,RF,skypanther,twitter,skypanther,instagram,1,1.0,1.0,1.0,1.0,0.0,0.0,1
pairs_twitter_instagram,RF,jiriruzek,twitter,jiriruzek,instagram,1,1.0,1.0,1.0,1.0,0.0,0.0,1
pairs_twitter_instagram,RF,mikemcbride,twitter,mikemcbride,instagram,1,1.0,1.0,1.0,1.0,0.0,0.0,1
pairs_twitter_instagram,RF,ihakkim,twitter,ihakkim,instagram,1,1.0,1.0,1.0,1.0,0.0,0.0,1
pairs_twitter_instagram,RF,dargadgetz,twitter,dargadgetz,instagram,1,1.0,1.0,1.0,1.0,0.0,0.0,1
pairs_twitter_instagram,RF,sultangfx,twitter,sultangfx,instagram,1,1.0,1.0,1.0,1.0,0.0,0.0,1
pairs_twitter_instagram,RF,benfinch,twitter,benfinch,instagram,1,1.0,1.0,1.0,1.0,0.0,0.0,1
pairs_twitter_instagram,RF,nyskye,twitter,nyskye,instagram,1,1.0,1.0,1.0,1.0,0.0,0.0,1
pairs_twitter_instagram,RF,sniyazov,twitter,sniyazov,instagram,1,1.0,1.0,1.0,1.0,0.0,0.0,1
pairs_twitter_instagram,RF,jokingonzalez,twitter,jokingonzalez,instagram,1,1.0,1.0,1.0,1.0,0.0,0.0,1
pairs_twitter_instagram,RF,cynthiakseymour,twitter,cynthiakseymour,instagram,1,1.0,1.0,1.0,1.0,0.0,0.0,1
pairs_twitter_instagram,RF,frankneulichedl,twitter,frankneulichedl,instagram,1,1.0,1.0,1.0,1.0,0.0,0.0,1
pairs_twitter_instagram,RF,kathrinaue,twitter,kathrinaue,instagram,1,1.0,1.0,1.0,1.0,0.0,0.0,1
pairs_twitter_instagram,RF,ronron607,twitter,ronron607,instagram,1,1.0,1.0,1.0,1.0,0.0,0.0,1
pairs_twitter_instagram,RF,franziskakaterbaum,twitter,franziskakaterbaum,instagram,1,1.0,1.0,1.0,1.0,0.0,0.0,1
pairs_twitter_instagram,RF,giants5go5go5,twitter,giants5go5go5,instagram,1,1.0,1.0,1.0,1.0,0.0,0.0,1
pairs_twitter_instagram,RF,cancunstudios,twitter,cancunstudios,instagram,1,1.0,1.0,1.0,1.0,0.0,0.0,1
pairs_twitter_instagram,RF,ifeelitall,twitter,ifeelitall,instagram,1,1.0,1.0,1.0,1.0,0.0,0.0,1
pairs_twitter_instagram,RF,sekarkhatulistiwa,twitter,sekarkhatulistiwa,instagram,1,1.0,1.0,1.0,1.0,0.0,0.0,1
pairs_twitter_instagram,RF,jpieters,twitter,jpieters,instagram,1,1.0,1.0,1.0,1.0,0.0,0.0,1
pairs_twitter_instagram,RF,zaidilfirza,twitter,zaidilfirza,instagram,1,1.0,1.0,1.0,1.0,0.0,0.0,1
pairs_twitter_instagram,RF,ssofia,twitter,ssofia,instagram,1,1.0,1.0,1.0,1.0,0.0,0.0,1
pairs_twitter_instagram,RF,chekostyle,twitter,chekostyle,instagram,1,1.0,1.0,1.0,1.0,0.0,0.0,1
pairs_twitter_instagram,RF,dieterpeeters,twitter,dieterpeeters,instagram,1,1.0,1.0,1.0,1.0,0.0,0.0,1
pairs_twitter_instagram,RF,rdhnk9,twitter,rdhnk9,instagram,1,1.0,1.0,1.0,1.0,0.0,0.0,1
pairs_twitter_instagram,RF,anthonystevven,twitter,anthonystevven,instagram,1,1.0,1.0,1.0,1.0,0.0,0.0,1
pairs_twitter_instagram,RF,jainashish,twitter,jainashish,instagram,1,1.0,1.0,1.0,1.0,0.0,0.0,1
pairs_twitter_instagram,RF,robnelson,twitter,robnelson,instagram,1,1.0,1.0,1.0,1.0,0.0,0.0,1
pairs_twitter_instagram,RF,nickjborelli,twitter,nickjborelli,instagram,1,1.0,1.0,1.0,1.0,0.0,0.0,1
pairs_twitter_instagram,RF,johndeguzman,twitter,johndeguzman,instagram,1,1.0,1.0,1.0,1.0,0.0,0.0,1
pairs_twitter_instagram,RF,annapfeiffer,twitter,annapfeiffer,instagram,1,1.0,1.0,1.0,1.0,0.0,0.0,1
pairs_twitter_instagram,RF,loscollacios,twitter,loscollacios,instagram,1,1.0,1.0,1.0,1.0,0.0,0.0,1
pairs_twitter_instagram,RF,fdavid,twitter,fdavid,instagram,1,1.0,1.0,1.0,1.0,0.0,0.0,1
pairs_twitter_instagram,RF,kkbyrns,twitter,kkbyrns,instagram,1,1.0,1.0,1.0,1.0,0.0,0.0,1
pairs_twitter_instagram,RF,torid,twitter,torid,instagram,1,1.0,1.0,1.0,1.0,0.0,0.0,1
pairs_twitter_instagram,RF,andrewjamesmorgan,twitter,andrewjamesmorgan,instagram,1,1.0,1.0,1.0,1.0,0.0,0.0,1
pairs_twitter_instagram,RF,benlizzotte,twitter,benlizzotte,instagram,1,1.0,1.0,1.0,1.0,0.0,0.0,1
pairs_twitter_instagram,RF,madgrin,twitter,madgrin,instagram,1,1.0,1.0,1.0,1.0,0.0,0.0,1
pairs_twitter_instagram,RF,jayboucher,twitter,jayboucher,instagram,1,1.0,1.0,1.0,1.0,0.0,0.0,1
pairs_twitter_instagram,RF,lizapierce,twitter,lizapierce,instagram,1,1.0,1.0,1.0,1.0,0.0,0.0,1
pairs_twitter_instagram,RF,shazasalem,twitter,shazasalem,instagram,1,1.0,1.0,1.0,1.0,0.0,0.0,1
pairs_twitter_instagram,RF,jeffipad,twitter,jeffipad,instagram,1,1.0,1.0,1.0,1.0,0.0,0.0,1
pairs_twitter_instagram,RF,jfbautista,twitter,jfbautista,instagram,1,1.0,1.0,1.0,1.0,0.0,0.0,1
pairs_twitter_instagram,RF,erikaperugachi,twitter,erikaperugachi,instagram,1,1.0,1.0,1.0,1.0,0.0,0.0,1
pairs_twitter_instagram,RF,patton,twitter,patton,instagram,1,1.0,1.0,1.0,1.0,0.0,0.0,1
pairs_twitter_instagram,RF,regtiangha,twitter,regtiangha,instagram,1,1.0,1.0,1.0,1.0,0.0,0.0,1
pairs_twitter_instagram,RF,alefeldman,twitter,alefeldman,instagram,1,1.0,1.0,1.0,1.0,0.0,0.0,1
pairs_twitter_instagram,RF,johnporcaro,twitter,johnporcaro,instagram,1,1.0,1.0,1.0,1.0,0.0,0.0,1
pairs_twitter_instagram,RF,obstaclespecialist,twitter,obstaclespecialist,instagram,1,1.0,1.0,1.0,1.0,0.0,0.0,1
pairs_twitter_instagram,RF,guysonecstasy,twitter,guysonecstasy,instagram,1,1.0,1.0,1.0,1.0,0.0,0.0,1
pairs_twitter_instagram,RF,mccoygalvan,twitter,mccoygalvan,instagram,1,1.0,1.0,1.0,1.0,0.0,0.0,1
pairs_twitter_instagram,RF,gozdebalkan,twitter,gozdebalkan,instagram,1,1.0,1.0,1.0,1.0,0.0,0.0,1
pairs_twitter_instagram,RF,developit,twitter,developit,instagram,1,1.0,1.0,1.0,1.0,0.0,0.0,1
pairs_twitter_instagram,RF,mariarti,twitter,mariarti,instagram,1,1.0,1.0,1.0,1.0,0.0,0.0,1
pairs_twitter_instagram,RF,ahaportugal,twitter,ahaportugal,instagram,1,1.0,1.0,1.0,1.0,0.0,0.0,1
pairs_twitter_instagram,RF,dancondon,twitter,dancondon,instagram,1,1.0,1.0,1.0,1.0,0.0,0.0,1
pairs_twitter_instagram,RF,chertanchico,twitter,chertanchico,instagram,1,1.0,1.0,1.0,1.0,0.0,0.0,1
pairs_twitter_instagram,RF,s1lentb0buk,twitter,s1lentb0buk,instagram,1,1.0,1.0,1.0,1.0,0.0,0.0,1
pairs_twitter_instagram,RF,harvest316,twitter,harvest316,instagram,1,1.0,1.0,1.0,1.0,0.0,0.0,1
pairs_twitter_instagram,RF,mikeconaty,twitter,mikeconaty,instagram,1,1.0,1.0,1.0,1.0,0.0,0.0,1
pairs_twitter_instagram,RF,tomkeenebloomberg,twitter,tomkeenebloomberg,instagram,1,1.0,1.0,1.0,1.0,0.0,0.0,1
pairs_twitter_instagram,RF,sorayasantos,twitter,sorayasantos,instagram,1,1.0,1.0,1.0,1.0,0.0,0.0,1
pairs_twitter_instagram,RF,sherrytrueself,twitter,sherrytrueself,instagram,1,1.0,1.0,1.0,1.0,0.0,0.0,1
pairs_twitter_instagram,RF,azzamalasfoor,twitter,azzamalasfoor,instagram,1,1.0,1.0,1.0,1.0,0.0,0.0,1
pairs_twitter_instagram,RF,ronsela,twitter,ronsela,instagram,1,1.0,1.0,1.0,1.0,0.0,0.0,1
pairs_twitter_instagram,RF,rahmatmh,twitter,rahmatmh,instagram,1,1.0,1.0,1.0,1.0,0.0,0.0,1
pairs_twitter_instagram,RF,mikehochanadel,twitter,mikehochanadel,instagram,1,1.0,1.0,1.0,1.0,0.0,0.0,1
pairs_twitter_instagram,RF,zjonquil,twitter,zjonquil,instagram,1,1.0,1.0,1.0,1.0,0.0,0.0,1
pairs_twitter_instagram,RF,pavelvassiljev,twitter,pavelvassiljev,instagram,1,1.0,1.0,1.0,1.0,0.0,0.0,1
pairs_twitter_instagram,RF,elreptar,twitter,elreptar,instagram,1,1.0,1.0,1.0,1.0,0.0,0.0,1
pairs_twitter_instagram,RF,mariamartinez,twitter,mariamartinez,instagram,1,1.0,1.0,1.0,1.0,0.0,0.0,1
pairs_twitter_instagram,RF,danielabutcu,twitter,danielabutcu,instagram,1,1.0,1.0,1.0,1.0,0.0,0.0,1
pairs_twitter_instagram,RF,nfremd,twitter,nfremd,instagram,1,1.0,1.0,1.0,1.0,0.0,0.0,1
pairs_twitter_instagram,RF,erikmacpherson,twitter,erikmacpherson,instagram,1,1.0,1.0,1.0,1.0,0.0,0.0,1
pairs_twitter_instagram,RF,angelfrancia,twitter,angelfrancia,instagram,1,1.0,1.0,1.0,1.0,0.0,0.0,1
pairs_twitter_instagram,RF,siguy,twitter,siguy,instagram,1,1.0,1.0,1.0,1.0,0.0,0.0,1
pairs_twitter_instagram,RF,andreashumala,twitter,andreashumala,instagram,1,1.0,1.0,1.0,1.0,0.0,0.0,1
pairs_twitter_instagram,RF,ferminpeluqueros,twitter,ferminpeluqueros,instagram,1,1.0,1.0,1.0,1.0,0.0,0.0,1
pairs_twitter_instagram,RF,leandromaioral,twitter,leandromaioral,instagram,1,1.0,1.0,1.0,1.0,0.0,0.0,1
pairs_twitter_instagram,RF,jdperkins1369,twitter,jdperkins1369,instagram,1,1.0,1.0,1.0,1.0,0.0,0.0,1
pairs_twitter_instagram,RF,davidfernando,twitter,davidfernando,instagram,1,1.0,1.0,1.0,1.0,0.0,0.0,1
pairs_twitter_instagram,RF,syntasium,twitter,syntasium,instagram,1,1.0,1.0,1.0,1.0,0.0,0.0,1
pairs_twitter_instagram,RF,joaoterrivel,twitter,joaoterrivel,instagram,1,1.0,1.0,1.0,1.0,0.0,0.0,1
pairs_twitter_instagram,RF,jenbalisi,twitter,jenbalisi,instagram,1,1.0,1.0,1.0,1.0,0.0,0.0,1
pairs_twitter_instagram,RF,adrianatoriz,twitter,adrianatoriz,instagram,1,1.0,1.0,1.0,1.0,0.0,0.0,1
pairs_twitter_instagram,RF,daeglo,twitter,daeglo,instagram,1,1.0,1.0,1.0,1.0,0.0,0.0,1
pairs_twitter_instagram,RF,yasirnasir,twitter,yasirnasir,instagram,1,1.0,1.0,1.0,1.0,0.0,0.0,1
pairs_twitter_instagram,RF,urmilesh,twitter,urmilesh,instagram,1,1.0,1.0,1.0,1.0,0.0,0.0,1
pairs_twitter_instagram,RF,roybird,twitter,roybird,instagram,1,1.0,1.0,1.0,1.0,0.0,0.0,1
pairs_twitter_instagram,RF,turieco,twitter,turieco,instagram,1,1.0,1.0,1.0,1.0,0.0,0.0,1
pairs_twitter_instagram,RF,calebkinchlow,twitter,calebkinchlow,instagram,1,1.0,1.0,1.0,1.0,0.0,0.0,1
pairs_twitter_instagram,RF,leelyning,twitter,leelyning,instagram,1,1.0,1.0,1.0,1.0,0.0,0.0,1
pairs_twitter_instagram,RF,stevenabittan,twitter,stevenabittan,instagram,1,1.0,1.0,1.0,1.0,0.0,0.0,1
pairs_twitter_instagram,RF,shawnday,twitter,shawnday,instagram,1,1.0,1.0,1.0,1.0,0.0,0.0,1
pairs_twitter_instagram,RF,sergioelizondomora,twitter,sergioelizondomora,instagram,1,1.0,1.0,1.0,1.0,0.0,0.0,1
pairs_twitter_instagram,RF,brucewise,twitter,brucewise,instagram,1,1.0,1.0,1.0,1.0,0.0,0.0,1
pairs_twitter_instagram,RF,themichaelshane,twitter,themichaelshane,instagram,1,1.0,1.0,1.0,1.0,0.0,0.0,1
pairs_twitter_instagram,RF,trezzaalfonso,twitter,trezzaalfonso,instagram,1,1.0,1.0,1.0,1.0,0.0,0.0,1
pairs_twitter_instagram,RF,queenesther,twitter,queenesther,instagram,1,1.0,1.0,1.0,1.0,0.0,0.0,1
pairs_twitter_instagram,RF,sitiodascitacoes,twitter,sitiodascitacoes,instagram,1,1.0,1.0,1.0,1.0,0.0,0.0,1
pairs_twitter_instagram,RF,kirakariakin,twitter,kirakariakin,instagram,1,1.0,1.0,1.0,1.0,0.0,0.0,1
pairs_twitter_instagram,RF,alisonlehr,twitter,alisonlehr,instagram,1,1.0,1.0,1.0,1.0,0.0,0.0,1
pairs_twitter_instagram,RF,josemanuelzardainbbr,twitter,josemanuelzardainbbr,instagram,1,1.0,1.0,1.0,1.0,0.0,0.0,1
pairs_twitter_instagram,RF,beautyluxury,twitter,beautyluxury,instagram,1,1.0,1.0,1.0,1.0,0.0,0.0,1
pairs_twitter_instagram,RF,petergiordano,twitter,petergiordano,instagram,1,1.0,1.0,1.0,1.0,0.0,0.0,1
pairs_twitter_instagram,RF,schlossneubeuern,twitter,schlossneubeuern,instagram,1,1.0,1.0,1.0,1.0,0.0,0.0,1
pairs_twitter_instagram,RF,jeepgeek,twitter,jeepgeek,instagram,1,1.0,1.0,1.0,1.0,0.0,0.0,1
pairs_twitter_instagram,RF,laurentlecler,twitter,laurentlecler,instagram,1,1.0,1.0,1.0,1.0,0.0,0.0,1
pairs_twitter_instagram,RF,stephanlendl,twitter,stephanlendl,instagram,1,1.0,1.0,1.0,1.0,0.0,0.0,1
pairs_twitter_instagram,RF,ericalynnyoung,twitter,ericalynnyoung,instagram,1,1.0,1.0,1.0,1.0,0.0,0.0,1
pairs_twitter_instagram,RF,biverson,twitter,biverson,instagram,1,1.0,1.0,1.0,1.0,0.0,0.0,1
pairs_twitter_instagram,RF,logiops,twitter,logiops,instagram,1,1.0,1.0,1.0,1.0,0.0,0.0,1
pairs_twitter_instagram,RF,marwsay,twitter,marwsay,instagram,1,1.0,1.0,1.0,1.0,0.0,0.0,1
pairs_twitter_instagram,RF,zahagc,twitter,zahagc,instagram,1,1.0,1.0,1.0,1.0,0.0,0.0,1
pairs_twitter_instagram,RF,samwhite,twitter,samwhite,instagram,1,1.0,1.0,1.0,1.0,0.0,0.0,1
pairs_twitter_instagram,RF,yatirido,twitter,yatirido,instagram,1,1.0,1.0,1.0,1.0,0.0,0.0,1
pairs_twitter_instagram,RF,alyssawelch,twitter,alyssawelch,instagram,1,1.0,1.0,1.0,1.0,0.0,0.0,1
pairs_twitter_instagram,RF,pbrady,twitter,pbrady,instagram,1,1.0,1.0,1.0,1.0,0.0,0.0,1
pairs_twitter_instagram,RF,gustavoarias,twitter,gustavoarias,instagram,1,1.0,1.0,1.0,1.0,0.0,0.0,1
pairs_twitter_instagram,RF,felicelam,twitter,felicelam,instagram,1,1.0,1.0,1.0,1.0,0.0,0.0,1
pairs_twitter_instagram,RF,vonoiral,twitter,vonoiral,instagram,1,1.0,1.0,1.0,1.0,0.0,0.0,1
pairs_twitter_instagram,RF,bdbrooker,twitter,bdbrooker,instagram,1,1.0,1.0,1.0,1.0,0.0,0.0,1
pairs_twitter_instagram,RF,benlinders,twitter,benlinders,instagram,1,1.0,1.0,1.0,1.0,0.0,0.0,1
pairs_twitter_instagram,RF,macchimatteo,twitter,macchimatteo,instagram,1,1.0,1.0,1.0,1.0,0.0,0.0,1
pairs_twitter_instagram,RF,tatianaavdjiev,twitter,tatianaavdjiev,instagram,1,1.0,1.0,1.0,1.0,0.0,0.0,1
pairs_twitter_instagram,RF,timgolden,twitter,timgolden,instagram,1,1.0,1.0,1.0,1.0,0.0,0.0,1
pairs_twitter_instagram,RF,jimlarrison,twitter,jimlarrison,instagram,1,1.0,1.0,1.0,1.0,0.0,0.0,1
pairs_twitter_instagram,RF,andreaarden,twitter,andreaarden,instagram,1,1.0,1.0,1.0,1.0,0.0,0.0,1
pairs_twitter_instagram,RF,laurengrieco,twitter,laurengrieco,instagram,1,1.0,1.0,1.0,1.0,0.0,0.0,1
pairs_twitter_instagram,RF,uvmann,twitter,uvmann,instagram,1,1.0,1.0,1.0,1.0,0.0,0.0,1
pairs_twitter_instagram,RF,michaelangelo,twitter,michaelangelo,instagram,1,1.0,1.0,1.0,1.0,0.0,0.0,1
pairs_twitter_instagram,RF,curtisguise,twitter,curtisguise,instagram,1,1.0,1.0,1.0,1.0,0.0,0.0,1
pairs_twitter_instagram,RF,mariaalana,twitter,mariaalana,instagram,1,1.0,1.0,1.0,1.0,0.0,0.0,1
pairs_twitter_instagram,RF,samanthaholloway,twitter,samanthaholloway,instagram,1,1.0,1.0,1.0,1.0,0.0,0.0,1
pairs_twitter_instagram,RF,timothylmooney,twitter,timothylmooney,instagram,1,1.0,1.0,1.0,1.0,0.0,0.0,1
pairs_twitter_instagram,RF,derekmcclain,twitter,derekmcclain,instagram,1,1.0,1.0,1.0,1.0,0.0,0.0,1
pairs_twitter_instagram,RF,serveure,twitter,serveure,instagram,1,1.0,1.0,1.0,1.0,0.0,0.0,1
pairs_twitter_instagram,RF,leegunter,twitter,leegunter,instagram,1,1.0,1.0,1.0,1.0,0.0,0.0,1
pairs_twitter_instagram,RF,bans,twitter,bans,instagram,1,1.0,1.0,1.0,1.0,0.0,0.0,1
pairs_twitter_instagram,RF,raymondwyu,twitter,raymondwyu,instagram,1,1.0,1.0,1.0,1.0,0.0,0.0,1
pairs_twitter_instagram,RF,giamarcs,twitter,giamarcs,instagram,1,1.0,1.0,1.0,1.0,0.0,0.0,1
pairs_twitter_instagram,RF,zoedphotography,twitter,zoedphotography,instagram,1,1.0,1.0,1.0,1.0,0.0,0.0,1
pairs_twitter_instagram,RF,gmlumpy,twitter,gmlumpy,instagram,1,1.0,1.0,1.0,1.0,0.0,0.0,1
pairs_twitter_instagram,RF,gomayara,twitter,gomayara,instagram,1,1.0,1.0,1.0,1.0,0.0,0.0,1
pairs_twitter_instagram,RF,raccettura,twitter,raccettura,instagram,1,1.0,1.0,1.0,1.0,0.0,0.0,1
pairs_twitter_instagram,RF,nadenemurray,twitter,nadenemurray,instagram,1,1.0,1.0,1.0,1.0,0.0,0.0,1
pairs_twitter_instagram,RF,marcioferreira,twitter,marcioferreira,instagram,1,1.0,1.0,1.0,1.0,0.0,0.0,1
pairs_twitter_instagram,RF,josepmanchado,twitter,josepmanchado,instagram,1,1.0,1.0,1.0,1.0,0.0,0.0,1
pairs_twitter_instagram,RF,sunupermana,twitter,sunupermana,instagram,1,1.0,1.0,1.0,1.0,0.0,0.0,1
pairs_twitter_instagram,RF,tadd31,twitter,tadd31,instagram,1,1.0,1.0,1.0,1.0,0.0,0.0,1
pairs_twitter_instagram,RF,bradkoehn,twitter,bradkoehn,instagram,1,1.0,1.0,1.0,1.0,0.0,0.0,1
pairs_twitter_instagram,RF,javicebrian,twitter,javicebrian,instagram,1,1.0,1.0,1.0,1.0,0.0,0.0,1
pairs_twitter_instagram,RF,hortovanyi,twitter,hortovanyi,instagram,1,1.0,1.0,1.0,1.0,0.0,0.0,1
pairs_twitter_instagram,RF,photoblogger,twitter,photoblogger,instagram,1,1.0,1.0,1.0,1.0,0.0,0.0,1
pairs_twitter_instagram,RF,scoutshonor,twitter,scoutshonor,instagram,1,1.0,1.0,1.0,1.0,0.0,0.0,1
pairs_twitter_instagram,RF,mihirs,twitter,mihirs,instagram,1,1.0,1.0,1.0,1.0,0.0,0.0,1
pairs_twitter_instagram,RF,mrobertsonline,twitter,mrobertsonline,instagram,1,1.0,1.0,1.0,1.0,0.0,0.0,1
pairs_twitter_instagram,RF,oscarsvq,twitter,oscarsvq,instagram,1,1.0,1.0,1.0,1.0,0.0,0.0,1
pairs_twitter_instagram,RF,joolsstone,twitter,joolsstone,instagram,1,1.0,1.0,1.0,1.0,0.0,0.0,1
pairs_twitter_instagram,RF,jeffreydodge,twitter,jeffreydodge,instagram,1,1.0,1.0,1.0,1.0,0.0,0.0,1
pairs_twitter_instagram,RF,wirava,twitter,wirava,instagram,1,1.0,1.0,1.0,1.0,0.0,0.0,1
pairs_twitter_instagram,RF,scg33esp,twitter,scg33esp,instagram,1,1.0,1.0,1.0,1.0,0.0,0.0,1
pairs_twitter_instagram,RF,solutionsinla,twitter,solutionsinla,instagram,1,1.0,1.0,1.0,1.0,0.0,0.0,1
pairs_twitter_instagram,RF,kivettbednar,twitter,kivettbednar,instagram,1,1.0,1.0,1.0,1.0,0.0,0.0,1
pairs_twitter_instagram,RF,maskdmegane,twitter,maskdmegane,instagram,1,1.0,1.0,1.0,1.0,0.0,0.0,1
pairs_twitter_instagram,RF,evandrosudre,twitter,evandrosudre,instagram,1,1.0,1.0,1.0,1.0,0.0,0.0,1
pairs_twitter_instagram,RF,ganant,twitter,ganant,instagram,1,1.0,1.0,1.0,1.0,0.0,0.0,1
pairs_twitter_instagram,RF,zhimera,twitter,zhimera,instagram,1,1.0,1.0,1.0,1.0,0.0,0.0,1
pairs_twitter_instagram,RF,bassplayer83,twitter,bassplayer83,instagram,1,1.0,1.0,1.0,1.0,0.0,0.0,1
pairs_twitter_instagram,RF,frijal,twitter,frijal,instagram,1,1.0,1.0,1.0,1.0,0.0,0.0,1
pairs_twitter_instagram,RF,evandroarruda,twitter,evandroarruda,instagram,1,1.0,1.0,1.0,1.0,0.0,0.0,1
pairs_twitter_instagram,RF,jonathanvu,twitter,jonathanvu,instagram,1,1.0,1.0,1.0,1.0,0.0,0.0,1
pairs_twitter_instagram,RF,nicolejackson,twitter,nicolejackson,instagram,1,1.0,1.0,1.0,1.0,0.0,0.0,1
pairs_twitter_instagram,RF,jvnchan,twitter,jvnchan,instagram,1,1.0,1.0,1.0,1.0,0.0,0.0,1
pairs_twitter_instagram,RF,lurvina,twitter,lurvina,instagram,1,1.0,1.0,1.0,1.0,0.0,0.0,1
