split_name,pair_type,label,pred_label,pred_class,probability,profile_row_id_a,platform_a,userName_a,fullName_a,user_folder_a,profile_row_id_b,platform_b,userName_b,fullName_b,user_folder_b,username_jaro,username_lev,username_token_sort,fullname_jaro,fullname_lev,fullname_token_sort,bio_tfidf_cosine,bio_sbert_cosine,domain_jaccard,url_jaccard,location_jaro,location_token_sort,mention_jaccard,hashtag_jaccard,style_caps_diff,style_avgword_diff,style_biolen_ratio,style_punct_diff,platform_pair_code,image_any_local,image_both_local,image_one_local_only,image_phash_sim,image_dhash_sim,image_brightness_diff,image_contrast_diff,image_entropy_diff,image_rgb_l1,image_filesize_ratio,image_face_count_diff,image_face_area_diff,image_blur_diff,image_metadata_any,image_caption_any,image_caption_bio_sbert_cross,image_caption_fullname_token_cross,image_caption_username_token_cross,is_tp,is_tn,is_fp,is_fn
test,hard_negative,0,1,MATCH,1.0,6714,googleplus,mitchellhall,mitchell hall,MitchellJHall,29054,twitter,mitchellhall,mitchell hall,mitchellhall,1.0,1.0,1.0,1.0,1.0,1.0,0.014098404827408179,0.6342965364456177,0.0,0.0,0.0,0.0,0.0,0.0,0.0,1.2857142857142856,0.279126213592233,0.07239341494301393,1,0,0,0,0.0,0.0,0.0,0.0,0.0,0.0,0.0,0.0,0.0,0.0,0,0,0.0,0.0,0.0,0,0,1,0
test,hard_negative,0,1,MATCH,1.0,2455,instagram,pullbackes,pullbackes,PullbackES,4515,twitter,pullbackes,pullbackes,espullback,1.0,1.0,1.0,1.0,1.0,1.0,0.07471226978938138,0.21039485931396484,0.0,0.0,0.0,0.0,0.0,0.0,0.0,0.25,0.2097902097902098,0.06293706293706294,2,1,0,1,0.0,0.0,0.0,0.0,0.0,0.0,0.0,0.0,0.0,0.0,0,0,0.0,0.0,0.0,0,0,1,0
test,random_negative,0,1,MATCH,0.9954128440366973,7715,twitter,islammouhammed,,salahislam,33282,googleplus,,,shaker909,0.0,0.0,0.0,1.0,1.0,1.0,0.0,0.32586050033569336,0.0,0.0,0.0,0.0,0.0,0.0,0.0,2.0999999999999996,0.5675675675675675,0.047619047619047616,1,1,0,1,0.0,0.0,0.0,0.0,0.0,0.0,0.0,0.0,0.0,0.0,0,0,0.0,0.0,0.0,0,0,1,0
test,random_negative,0,1,MATCH,0.9782971619365609,2562,googleplus,andreapessotto,andrea pessotto,settimocielo,11373,twitter,thinknow,lane goldstone,lanehalley,0.4642857142857142,0.0714285714285714,0.18181818181818177,0.6936507936507935,0.19999999999999996,0.27586206896551724,0.39259779784735305,0.45874980092048645,0.0,0.0,0.0,0.0,0.0,0.0,0.0,1.6,0.6666666666666666,0.1,1,0,0,0,0.0,0.0,0.0,0.0,0.0,0.0,0.0,0.0,0.0,0.0,0,0,0.0,0.0,0.0,0,0,1,0
test,random_negative,0,1,MATCH,0.9782971619365609,4548,googleplus,,,ezhikov,6519,twitter,shiibanee,,mawadashiba,0.0,0.0,0.0,1.0,1.0,1.0,0.0,0.15561023354530334,0.0,0.0,0.0,0.0,0.0,0.0,0.0,0.75,0.6442307692307693,0.07333524684270952,1,0,0,0,0.0,0.0,0.0,0.0,0.0,0.0,0.0,0.0,0.0,0.0,0,0,0.0,0.0,0.0,0,0,1,0
test,hard_negative,0,1,MATCH,0.9782971619365609,11350,instagram,laachi,,laachi,11949,twitter,lachyab,,mohammedlachyab,0.7968253968253969,0.4285714285714286,0.6153846153846154,1.0,1.0,1.0,0.0,0.1422950029373169,0.0,0.0,0.0,0.0,0.0,0.0,0.0,6.117647058823529,0.0,0.075,2,0,0,0,0.0,0.0,0.0,0.0,0.0,0.0,0.0,0.0,0.0,0.0,0,0,0.0,0.0,0.0,0,0,1,0
test,hard_negative,0,1,MATCH,0.9782971619365609,8086,googleplus,emedia,,sungheelee,35587,instagram,emri63,,urspamrein,0.6666666666666666,0.33333333333333337,0.5,1.0,1.0,1.0,0.0,0.1729869246482849,0.0,0.0,0.0,0.0,0.0,0.0,0.0,6.285714285714286,0.0,0.027559055118110236,0,0,0,0,0.0,0.0,0.0,0.0,0.0,0.0,0.0,0.0,0.0,0.0,0,0,0.0,0.0,0.0,0,0,1,0
test,hard_negative,0,1,MATCH,0.9782971619365609,7814,googleplus,artemtomilov,,scraplesh,33700,instagram,armandodelucia,,socialcrm,0.5992063492063493,0.2857142857142857,0.3846153846153846,1.0,1.0,1.0,0.0,1.0,0.0,0.0,0.0,0.0,0.0,0.0,0.0,0.0,1.0,0.0,0,0,0,0,0.0,0.0,0.0,0.0,0.0,0.0,0.0,0.0,0.0,0.0,0,0,0.0,0.0,0.0,0,0,1,0
test,hard_negative,0,1,MATCH,0.9782971619365609,7705,twitter,eldoradoseo,,sacramentoseo,8086,googleplus,emedia,,sungheelee,0.5909090909090909,0.18181818181818177,0.3529411764705882,1.0,1.0,1.0,0.0,0.11164199560880661,0.0,0.0,0.0,0.0,0.0,0.0,0.0,0.14285714285714324,0.20078740157480315,0.007951211980855334,1,1,0,1,0.0,0.0,0.0,0.0,0.0,0.0,0.0,0.0,0.0,0.0,0,0,0.0,0.0,0.0,0,0,1,0
test,hard_negative,0,1,MATCH,0.9782971619365609,6135,twitter,eleazeta,,loleta,8086,googleplus,emedia,,sungheelee,0.625,0.375,0.4285714285714286,1.0,1.0,1.0,0.0,0.01614002324640751,0.0,0.0,0.0,0.0,0.0,0.0,0.0,0.7142857142857144,0.21653543307086615,0.027559055118110236,1,1,0,1,0.0,0.0,0.0,0.0,0.0,0.0,0.0,0.0,0.0,0.0,0,0,0.0,0.0,0.0,0,0,1,0
test,hard_negative,0,1,MATCH,0.9782971619365609,2581,instagram,soenarto,soenarto widjaja,soenarto,33719,twitter,soenarko,henry soenarko,soenarko,0.95,0.875,0.875,0.5238095238095238,0.25,0.4666666666666666,0.0,0.146403968334198,0.0,0.0,0.0,0.0,0.0,0.0,0.0,7.157894736842105,0.0,0.09090909090909091,2,1,0,1,0.0,0.0,0.0,0.0,0.0,0.0,0.0,0.0,0.0,0.0,1,1,0.1588754802942276,0.19753086419753085,0.136986301369863,0,0,1,0
test,hard_negative,0,1,MATCH,0.9782971619365609,6050,googleplus,christopherleon,christopher leon leftyleon,leftyleon,9500,instagram,christopherlane,cdl,cdl,0.959047619047619,0.8,0.8666666666666667,0.5811965811965812,0.07692307692307687,0.13793103448275867,0.0,0.0615672804415226,0.0,0.0,0.0,0.0,0.0,0.0,0.0,4.735294117647059,0.030534351145038167,0.03435114503816794,0,0,0,0,0.0,0.0,0.0,0.0,0.0,0.0,0.0,0.0,0.0,0.0,0,0,0.0,0.0,0.0,0,0,1,0
test,random_negative,0,1,MATCH,0.9551282051282052,4580,googleplus,fatovayniahin,fato vayni ahin,fatosvayni,35423,twitter,tonisans,toni sans,tsans,0.5365384615384615,0.3076923076923077,0.5714285714285714,0.5222222222222223,0.33333333333333337,0.5833333333333333,0.0,0.18203186988830566,0.0,0.0,0.0,0.0,0.0,0.0,0.0,6.0,0.0,0.0,1,0,0,0,0.0,0.0,0.0,0.0,0.0,0.0,0.0,0.0,0.0,0.0,0,0,0.0,0.0,0.0,0,0,1,0
test,random_negative,0,1,MATCH,0.9551282051282052,10747,twitter,jasonsyptak,,jasonsyptak,35587,instagram,emri63,,urspamrein,0.0,0.0,0.0,1.0,1.0,1.0,0.0,0.1923031508922577,0.0,0.0,0.0,0.0,0.0,0.0,0.0,6.916666666666667,0.0,0.02127659574468085,2,0,0,0,0.0,0.0,0.0,0.0,0.0,0.0,0.0,0.0,0.0,0.0,0,0,0.0,0.0,0.0,0,0,1,0
test,random_negative,0,1,MATCH,0.9551282051282052,30265,instagram,ongzb,,ongzb,33284,twitter,shaker909,,shaker909,0.0,0.0,0.0,1.0,1.0,1.0,0.0,0.18689513206481934,0.0,0.0,0.0,0.0,0.0,0.0,0.0,5.0,0.0,0.05714285714285714,2,0,0,0,0.0,0.0,0.0,0.0,0.0,0.0,0.0,0.0,0.0,0.0,0,0,0.0,0.0,0.0,0,0,1,0
test,random_negative,0,1,MATCH,0.9551282051282052,34110,googleplus,stevewilliams,steve williams,stevewilliams,36227,twitter,wilkasg,wilka setogehlen,wilkasg,0.45970695970695963,0.3076923076923077,0.5,0.6464285714285715,0.0625,0.6,0.07356463779882819,0.17315535247325897,0.0,0.0,0.0,0.0,0.0,0.0,0.0,0.43874643874643837,0.9602649006622517,0.025393925553779402,1,1,0,1,0.0,0.0,0.0,0.0,0.0,0.0,0.0,0.0,0.0,0.0,1,1,0.09766444563865662,0.19718309859154926,0.17142857142857137,0,0,1,0
test,hard_negative,0,1,MATCH,0.9551282051282052,7715,twitter,islammouhammed,,salahislam,12072,instagram,infinity93,,nicksims,0.3904761904761904,0.0714285714285714,0.08333333333333337,1.0,1.0,1.0,0.0,0.15760551393032074,0.0,0.0,0.0,0.0,0.0,0.0,0.0,4.5,0.0,0.047619047619047616,2,1,0,1,0.0,0.0,0.0,0.0,0.0,0.0,0.0,0.0,0.0,0.0,0,0,0.0,0.0,0.0,0,0,1,0
test,hard_negative,0,1,MATCH,0.9551282051282052,7704,googleplus,christopherarnell,christopher arnell,sacramentoseo,9500,instagram,christopherlane,cdl,cdl,0.9498039215686275,0.7647058823529411,0.875,0.462962962962963,0.11111111111111116,0.09523809523809523,0.0,0.05771861970424652,0.0,0.0,0.0,0.0,0.0,0.0,0.0,2.2857142857142856,0.05442176870748299,0.034013605442176874,0,0,0,0,0.0,0.0,0.0,0.0,0.0,0.0,0.0,0.0,0.0,0.0,0,0,0.0,0.0,0.0,0,0,1,0
test,hard_negative,0,1,MATCH,0.9551282051282052,6050,googleplus,christopherleon,christopher leon leftyleon,leftyleon,9501,twitter,christopherlane,christopher lane,cdl,0.959047619047619,0.8,0.8666666666666667,0.8895512820512821,0.5769230769230769,0.7142857142857143,0.0,0.14990845322608948,0.0,0.0,0.0,0.0,0.0,0.0,0.0,4.068627450980392,0.03816793893129771,0.03435114503816794,1,1,0,1,0.0,0.0,0.0,0.0,0.0,0.0,0.0,0.0,0.0,0.0,0,0,0.0,0.0,0.0,0,0,1,0
test,hard_negative,0,1,MATCH,0.9551282051282052,7706,googleplus,teeanaya,tee anaya,SacredProducts,34580,twitter,tejesn,tejes nayak,tejesnayak,0.7777777777777778,0.375,0.5714285714285714,0.8309764309764309,0.6363636363636364,0.8,0.0,0.265953004360199,0.0,0.0,0.0,0.0,0.0,0.0,0.0,2.0324675324675328,0.410958904109589,0.01575342465753425,1,0,0,0,0.0,0.0,0.0,0.0,0.0,0.0,0.0,0.0,0.0,0.0,0,0,0.0,0.0,0.0,0,0,1,0
test,hard_negative,0,1,MATCH,0.9551282051282052,7706,googleplus,teeanaya,tee anaya,SacredProducts,34579,instagram,tejesn,tejes nayak,tejesnayak,0.7777777777777778,0.375,0.5714285714285714,0.8309764309764309,0.6363636363636364,0.8,0.0,0.33897513151168823,0.0,0.0,0.0,0.0,0.0,0.0,0.0,1.762626262626263,0.5136986301369864,0.04575342465753425,0,0,0,0,0.0,0.0,0.0,0.0,0.0,0.0,0.0,0.0,0.0,0.0,0,0,0.0,0.0,0.0,0,0,1,0
test,hard_negative,0,1,MATCH,0.9551282051282052,6422,googleplus,maryeaudet,marye audet,MaryeAudet,9686,instagram,marauder,caroline giegerich,dailymarauder,0.8341666666666666,0.7,0.7777777777777779,0.5774410774410774,0.2777777777777778,0.27586206896551724,0.13359061285633964,0.6104233264923096,0.0,0.0,0.0,0.0,0.0,0.0,0.0,1.124542124542124,0.5396825396825397,0.004357298474945537,0,0,0,0,0.0,0.0,0.0,0.0,0.0,0.0,0.0,0.0,0.0,0.0,0,0,0.0,0.0,0.0,0,0,1,0
test,random_negative,0,1,MATCH,0.9533164273203248,30945,googleplus,petestean,pete stean,peteste,33971,twitter,stephanr78,stephan rbbeln,stephanroebbeln,0.6444444444444444,0.19999999999999996,0.5263157894736843,0.6238095238095238,0.2857142857142857,0.5833333333333333,0.024528330791784698,0.37829887866973877,0.0,0.0,0.0,0.0,0.0,0.0,0.0,1.2111111111111104,0.6985294117647058,0.008513931888544886,1,0,0,0,0.0,0.0,0.0,0.0,0.0,0.0,0.0,0.0,0.0,0.0,0,0,0.0,0.0,0.0,0,0,1,0
test,random_negative,0,1,MATCH,0.9425287356321839,2926,googleplus,albertocarranza,alberto carranza,albertojeca,33521,twitter,cibertecaria,silvana aquino,silvanaaquino,0.7333333333333334,0.5333333333333333,0.5925925925925926,0.5505952380952381,0.1875,0.4,0.07166620139791557,0.41824835538864136,0.0,0.0,0.0,0.0,0.0,0.0,0.0,1.1842105263157894,0.6206896551724138,0.050957854406130265,1,0,0,0,0.0,0.0,0.0,0.0,0.0,0.0,0.0,0.0,0.0,0.0,0,0,0.0,0.0,0.0,0,0,1,0
test,random_negative,0,1,MATCH,0.9425287356321839,12101,twitter,nisoyasu,,nisoyasu,30721,instagram,pling3r,,paullinger,0.3452380952380951,0.0,0.1333333333333333,1.0,1.0,1.0,0.0,0.11387531459331512,0.0,0.0,0.0,0.0,0.0,0.0,0.0,36.666666666666664,0.0,0.08928571428571429,2,0,0,0,0.0,0.0,0.0,0.0,0.0,0.0,0.0,0.0,0.0,0.0,0,0,0.0,0.0,0.0,0,0,1,0
test,random_negative,0,1,MATCH,0.9425287356321839,29633,twitter,nate_mcgee,nate mcgee,natemcgee,32742,googleplus,samueldriessen,samuel iessen,samueldriessen,0.5523809523809524,0.2857142857142857,0.33333333333333337,0.6316239316239316,0.3076923076923077,0.43478260869565216,0.11640852380807729,0.5155559182167053,0.0,0.0,0.0,0.0,0.0,0.0,0.0,1.121212121212121,0.5740740740740741,0.045997610513739545,1,1,0,1,0.0,0.0,0.0,0.0,0.0,0.0,0.0,0.0,0.0,0.0,1,1,0.10457637906074524,0.22580645161290325,0.2222222222222222,0,0,1,0
test,hard_negative,0,1,MATCH,0.9425287356321839,1895,instagram,henry2095,,ebastardas,10473,twitter,hamface,,hamface,0.4179894179894179,0.11111111111111116,0.25,1.0,1.0,1.0,0.0,0.19232207536697388,0.0,0.0,0.0,0.0,0.0,0.0,0.0,6.7894736842105265,0.0,0.06802721088435375,2,0,0,0,0.0,0.0,0.0,0.0,0.0,0.0,0.0,0.0,0.0,0.0,0,0,0.0,0.0,0.0,0,0,1,0
test,hard_negative,0,1,MATCH,0.9425287356321839,4710,googleplus,gagemarketing,gage,gagegroup,4727,twitter,ghimarketing,ghi marketing,garyhyams,0.8207692307692309,0.7692307692307692,0.8,0.6602564102564102,0.23076923076923073,0.3529411764705882,0.04626618205752157,0.38246238231658936,0.0,0.0,0.0,0.0,0.0,0.0,0.0,1.2834782608695656,0.775609756097561,0.049670194815155694,1,0,0,0,0.0,0.0,0.0,0.0,0.0,0.0,0.0,0.0,0.0,0.0,0,0,0.0,0.0,0.0,0,0,1,0
test,hard_negative,0,1,MATCH,0.9425287356321839,2454,googleplus,pullbackvalores,pullback valores,PullbackES,4515,twitter,pullbackes,pullbackes,espullback,0.9333333333333333,0.6666666666666667,0.8,0.925,0.625,0.7692307692307692,0.09408867209461885,0.7434635758399963,0.0,0.0,0.0,0.0,0.0,0.0,0.0,0.5,0.5174825174825175,0.06293706293706294,1,1,0,1,0.0,0.0,0.0,0.0,0.0,0.0,0.0,0.0,0.0,0.0,0,0,0.0,0.0,0.0,0,0,1,0
test,random_negative,0,1,MATCH,0.9285714285714286,4446,googleplus,emilysandford,emily ho,emilysandford,35399,twitter,tristandhall,tristan hall,tristandhall,0.6004273504273504,0.3076923076923077,0.4,0.5416666666666666,0.25,0.19999999999999996,0.13365624736700973,0.6310936808586121,0.0,0.0,0.0,0.0,0.0,0.0,0.0,0.35483870967741904,0.5542635658914729,0.033447172982056704,1,0,0,0,0.0,0.0,0.0,0.0,0.0,0.0,0.0,0.0,0.0,0.0,0,0,0.0,0.0,0.0,0,0,1,0
test,random_negative,0,1,MATCH,0.9285714285714286,4710,googleplus,gagemarketing,gage,gagegroup,6259,twitter,grgkayaking,grg adventures nepal,mailagurung,0.7864801864801865,0.46153846153846156,0.5833333333333333,0.65,0.15000000000000002,0.25,0.045262729936754474,0.0490945540368557,0.0,0.0,0.0,0.0,0.0,0.0,0.0,1.2400000000000002,0.2,0.02926829268292683,1,1,0,1,0.0,0.0,0.0,0.0,0.0,0.0,0.0,0.0,0.0,0.0,0,0,0.0,0.0,0.0,0,0,1,0
test,random_negative,0,1,MATCH,0.9285714285714286,5801,twitter,kellie_elmore,kellie elmore,kellieelmore,11210,instagram,kdj,kristy duncan,kdj,0.47008547008546997,0.07692307692307687,0.125,0.4871794871794872,0.15384615384615385,0.23076923076923073,0.2115910052860186,0.628638505935669,0.0,0.0,0.0,0.0,0.0,0.0,0.0,12.75,0.6307692307692307,0.028142589118198877,2,0,0,0,0.0,0.0,0.0,0.0,0.0,0.0,0.0,0.0,0.0,0.0,0,0,0.0,0.0,0.0,0,0,1,0
test,random_negative,0,1,MATCH,0.9285714285714286,6256,googleplus,severinstefankittl,severin stefan kittl,mahtiaivo,10185,twitter,evelinbandeira,,EvelinBandeira,0.6566137566137565,0.38888888888888884,0.5,0.0,0.0,0.0,0.0,0.0718952864408493,0.0,0.0,0.0,0.0,0.0,0.0,0.0,10.25,0.0,0.0,1,0,0,0,0.0,0.0,0.0,0.0,0.0,0.0,0.0,0.0,0.0,0.0,0,0,0.0,0.0,0.0,0,0,1,0
test,random_negative,0,1,MATCH,0.9285714285714286,6807,twitter,mostaphahalim,mostapha halim,mostaphahalim,29385,googleplus,muhammadghazali,muhammad ghazali,muhammadghazali,0.6745726495726495,0.4,0.5,0.6980820105820106,0.375,0.5333333333333333,0.0,0.10555830597877502,0.0,0.0,0.0,0.0,0.0,0.0,0.0,6.76,0.0,0.0051813471502590676,1,0,0,0,0.0,0.0,0.0,0.0,0.0,0.0,0.0,0.0,0.0,0.0,0,0,0.0,0.0,0.0,0,0,1,0
test,random_negative,0,1,MATCH,0.9285714285714286,10379,twitter,escuincle,escuincle,geoffreybendz,13050,instagram,drysdaleandco,susan ysdale,susandrysdale,0.5133903133903134,0.15384615384615385,0.2727272727272727,0.6574074074074074,0.25,0.4761904761904761,0.19133601804927816,0.6561760902404785,0.0,0.0,0.0,0.0,0.0,0.0,0.0,1.5858823529411765,0.8552631578947368,0.016599190283400816,2,0,0,0,0.0,0.0,0.0,0.0,0.0,0.0,0.0,0.0,0.0,0.0,0,0,0.0,0.0,0.0,0,0,1,0
test,hard_negative,0,1,MATCH,0.9285714285714286,13112,instagram,tenp88,,tenp,33449,twitter,taroshin225,,shintaroabe,0.4191919191919191,0.18181818181818177,0.23529411764705888,1.0,1.0,1.0,0.0,0.4307672083377838,0.0,0.0,0.0,0.0,0.0,0.0,0.007462686567164179,1.0,0.23134328358208955,0.0024073182474723155,2,1,0,1,0.0,0.0,0.0,0.0,0.0,0.0,0.0,0.0,0.0,0.0,1,1,0.0,0.0,0.08823529411764708,0,0,1,0
test,hard_negative,0,1,MATCH,0.9285714285714286,9316,instagram,bloodyxu,,bloody,35618,twitter,babeshin_sv,,vabisin,0.4053030303030303,0.09090909090909094,0.10526315789473684,1.0,1.0,1.0,0.0,0.10072197020053864,0.0,0.0,0.0,0.0,0.0,0.0,0.0,1.882352941176471,0.3953488372093023,0.005471956224350205,2,0,0,0,0.0,0.0,0.0,0.0,0.0,0.0,0.0,0.0,0.0,0.0,0,0,0.0,0.0,0.0,0,0,1,0
test,hard_negative,0,1,MATCH,0.9285714285714286,8185,twitter,zverenka,,tehhi,36694,instagram,zeluisfp,,zeluiscorreia,0.5,0.125,0.25,1.0,1.0,1.0,0.0,0.007288447581231594,0.0,0.0,0.0,0.0,0.0,0.0,0.0,5.076923076923077,0.0,0.01282051282051282,2,1,0,1,0.0,0.0,0.0,0.0,0.0,0.0,0.0,0.0,0.0,0.0,0,0,0.0,0.0,0.0,0,0,1,0
test,hard_negative,0,1,MATCH,0.9285714285714286,8185,twitter,zverenka,,tehhi,36616,instagram,zacattac,,zacattac,0.5,0.125,0.25,1.0,1.0,1.0,0.0,0.007288447581231594,0.0,0.0,0.0,0.0,0.0,0.0,0.0,5.076923076923077,0.0,0.01282051282051282,2,1,0,1,0.0,0.0,0.0,0.0,0.0,0.0,0.0,0.0,0.0,0.0,0,0,0.0,0.0,0.0,0,0,1,0
test,hard_negative,0,1,MATCH,0.9285714285714286,6273,twitter,igeektvplus,,malikhinds,12072,instagram,infinity93,,nicksims,0.4606060606060607,0.09090909090909094,0.19047619047619047,1.0,1.0,1.0,0.0,1.0,0.0,0.0,0.0,0.0,0.0,0.0,0.0,0.0,1.0,0.0,2,1,0,1,0.0,0.0,0.0,0.0,0.0,0.0,0.0,0.0,0.0,0.0,0,0,0.0,0.0,0.0,0,0,1,0
test,hard_negative,0,1,MATCH,0.9285714285714286,2357,instagram,j5mm,,monicajbennett,11553,twitter,jackrevelator,,lunamars,0.4423076923076923,0.07692307692307687,0.11764705882352944,1.0,1.0,1.0,0.0,0.17820334434509277,0.0,0.0,0.0,0.0,0.0,0.0,0.0,6.333333333333333,0.296875,0.109375,2,0,0,0,0.0,0.0,0.0,0.0,0.0,0.0,0.0,0.0,0.0,0.0,0,0,0.0,0.0,0.0,0,0,1,0
test,hard_negative,0,1,MATCH,0.9285714285714286,31677,googleplus,renesmit,rene smit,rcsmit,31762,instagram,renehamburg,rene s,renehamburg,0.6931818181818182,0.4545454545454546,0.5263157894736843,0.9333333333333333,0.6666666666666667,0.8,0.0,0.2504541277885437,0.0,0.0,0.0,0.0,0.0,0.0,0.0051813471502590676,6.461538461538462,0.0,0.06217616580310881,0,0,0,0,0.0,0.0,0.0,0.0,0.0,0.0,0.0,0.0,0.0,0.0,0,0,0.0,0.0,0.0,0,0,1,0
test,random_negative,0,1,MATCH,0.8315789473684211,2518,googleplus,rogriolopesmain,rogrio lopes,rogerioalone,3491,twitter,boogiemind,bryanboogiemind east,BOOGIEMIND,0.7361111111111112,0.33333333333333337,0.56,0.6055555555555555,0.25,0.25,0.040326893268869554,0.06411156803369522,0.0,0.0,0.0,0.0,0.0,0.0,0.0,2.3352272727272725,0.9765625,0.0561875,1,0,0,0,0.0,0.0,0.0,0.0,0.0,0.0,0.0,0.0,0.0,0.0,0,0,0.0,0.0,0.0,0,0,1,0
test,random_negative,0,1,MATCH,0.8315789473684211,9622,instagram,clinejj,john cline,clinejj,31863,googleplus,ricardosalgado,ricardo salgado master chief,ricardoSalgado,0.30952380952380953,0.0714285714285714,0.19047619047619047,0.4936507936507937,0.1428571428571429,0.26315789473684215,0.5019937667492643,0.5934392809867859,0.0,0.0,0.0,0.0,0.0,0.0,0.0,0.7217391304347824,0.11661807580174927,0.010422740524781343,0,0,0,0,0.0,0.0,0.0,0.0,0.0,0.0,0.0,0.0,0.0,0.0,0,0,0.0,0.0,0.0,0,0,1,0
test,random_negative,0,1,MATCH,0.8315789473684211,10404,instagram,giradesai,gira desai wieczorek,giradesai,36735,googleplus,zieraeliani,ziera eliani cinta olivia,ziera,0.6262626262626262,0.4545454545454546,0.6,0.61,0.36,0.4444444444444444,0.04675492077758765,0.4116670787334442,0.0,0.0,0.0,0.0,0.0,0.0,0.0,0.2889610389610384,0.4965277777777778,0.042055167055167056,0,0,0,0,0.0,0.0,0.0,0.0,0.0,0.0,0.0,0.0,0.0,0.0,0,0,0.0,0.0,0.0,0,0,1,0
test,random_negative,0,1,MATCH,0.8315789473684211,31899,googleplus,arbybary,arby bary,richardstep,33851,twitter,ssieg,ssieg,ssieg,0.0,0.0,0.0,0.0,0.0,0.0,0.1648108502844649,0.17547006905078888,0.0,0.0,0.0,0.0,0.0,0.0,0.0,1.9019607843137254,0.11428571428571428,0.09999999999999999,1,0,0,0,0.0,0.0,0.0,0.0,0.0,0.0,0.0,0.0,0.0,0.0,0,0,0.0,0.0,0.0,0,0,1,0
test,random_negative,0,1,MATCH,0.8315789473684211,33762,googleplus,,,sonic010739,35147,twitter,tnvkenyon,tom kenyon,tomkenyon,0.0,0.0,0.0,0.0,0.0,0.0,0.0,1.0,0.0,0.0,0.0,0.0,0.0,0.0,0.0,0.0,1.0,0.0,1,1,0,1,0.0,0.0,0.0,0.0,0.0,0.0,0.0,0.0,0.0,0.0,1,1,0.058158427476882935,0.0,0.0,0,0,1,0
test,random_negative,0,1,MATCH,0.8315789473684211,34089,googleplus,stevedean,steve dean,stevenmdean,34315,instagram,svenanders,sven anders lkaas,svenanders,0.683068783068783,0.4,0.5263157894736843,0.6318627450980392,0.2941176470588235,0.5185185185185186,0.0,0.09324128180742264,0.0,0.0,0.0,0.0,0.0,0.0,0.0,6.566666666666666,0.0,0.02654867256637168,0,0,0,0,0.0,0.0,0.0,0.0,0.0,0.0,0.0,0.0,0.0,0.0,0,0,0.0,0.0,0.0,0,0,1,0
test,hard_negative,0,1,MATCH,0.8315789473684211,36694,instagram,zeluisfp,,zeluiscorreia,36746,twitter,ziyad_hryz,,ziyadhryz,0.4833333333333334,0.09999999999999998,0.2222222222222222,1.0,1.0,1.0,0.0,0.17297077178955078,0.0,0.0,0.0,0.0,0.0,0.0,0.0,5.130434782608695,0.0,0.06428571428571428,2,0,0,0,0.0,0.0,0.0,0.0,0.0,0.0,0.0,0.0,0.0,0.0,0,0,0.0,0.0,0.0,0,0,1,0
test,hard_negative,0,1,MATCH,0.8315789473684211,9682,instagram,xcynthia90x,,cynthiaworld,36389,twitter,xevianlion,,xevian,0.5045454545454545,0.09090909090909094,0.2857142857142857,1.0,1.0,1.0,0.0,0.17299950122833252,0.0,0.0,0.0,0.0,0.0,0.0,0.0,4.529411764705882,0.0,0.06451612903225806,2,0,0,0,0.0,0.0,0.0,0.0,0.0,0.0,0.0,0.0,0.0,0.0,0,0,0.0,0.0,0.0,0,0,1,0
test,hard_negative,0,1,MATCH,0.8315789473684211,8679,twitter,zcochran88,,zacharycochran,36694,instagram,zeluisfp,,zeluiscorreia,0.40833333333333344,0.09999999999999998,0.11111111111111116,1.0,1.0,1.0,0.0,0.029536385089159012,0.0,0.0,0.0,0.0,0.0,0.0,0.0,6.8125,0.0,0.04032258064516129,2,1,0,1,0.0,0.0,0.0,0.0,0.0,0.0,0.0,0.0,0.0,0.0,0,0,0.0,0.0,0.0,0,0,1,0
test,hard_negative,0,1,MATCH,0.8315789473684211,6135,twitter,eleazeta,,loleta,35587,instagram,emri63,,urspamrein,0.4305555555555556,0.125,0.1428571428571429,1.0,1.0,1.0,0.0,0.059289127588272095,0.0,0.0,0.0,0.0,0.0,0.0,0.0,7.0,0.0,0.0,2,1,0,1,0.0,0.0,0.0,0.0,0.0,0.0,0.0,0.0,0.0,0.0,0,0,0.0,0.0,0.0,0,0,1,0
test,hard_negative,0,1,MATCH,0.8315789473684211,3389,twitter,b_441,,benchild,9316,instagram,bloodyxu,,bloody,0.44166666666666665,0.125,0.15384615384615385,1.0,1.0,1.0,0.0,0.15514707565307617,0.0,0.0,0.0,0.0,0.0,0.0,0.0,2.6,0.6176470588235294,0.018207282913165264,2,1,0,1,0.0,0.0,0.0,0.0,0.0,0.0,0.0,0.0,0.0,0.0,0,0,0.0,0.0,0.0,0,0,1,0
test,hard_negative,0,1,MATCH,0.8315789473684211,3389,twitter,b_441,,benchild,9298,instagram,bitanga,,bitanga,0.4476190476190476,0.1428571428571429,0.16666666666666663,1.0,1.0,1.0,0.0,0.22178107500076294,0.0,0.0,0.0,0.0,0.0,0.0,0.0,3.4,0.0,0.047619047619047616,2,1,0,1,0.0,0.0,0.0,0.0,0.0,0.0,0.0,0.0,0.0,0.0,0,0,0.0,0.0,0.0,0,0,1,0
test,hard_negative,0,1,MATCH,0.8315789473684211,2357,instagram,j5mm,,monicajbennett,10747,twitter,jasonsyptak,,jasonsyptak,0.446969696969697,0.09090909090909094,0.1333333333333333,1.0,1.0,1.0,0.0,-0.03876370191574097,0.0,0.0,0.0,0.0,0.0,0.0,0.0,5.083333333333333,0.6808510638297872,0.08809840425531915,2,0,0,0,0.0,0.0,0.0,0.0,0.0,0.0,0.0,0.0,0.0,0.0,0,0,0.0,0.0,0.0,0,0,1,0
test,hard_negative,0,1,MATCH,0.8315789473684211,7988,googleplus,stephenpowellebc,stephen powell,spowell,8045,twitter,steadwell,stephen a dowell,SteveDowell,0.6908068783068783,0.4375,0.56,0.9482142857142858,0.8125,0.8666666666666667,0.0,0.0925368070602417,0.0,0.0,0.0,0.0,0.0,0.0,0.0,7.076923076923077,0.0,0.028846153846153848,1,0,0,0,0.0,0.0,0.0,0.0,0.0,0.0,0.0,0.0,0.0,0.0,0,0,0.0,0.0,0.0,0,0,1,0
test,hard_negative,0,1,MATCH,0.8315789473684211,2455,instagram,pullbackes,pullbackes,PullbackES,4514,googleplus,pullbackvalores,pullback valores,espullback,0.9333333333333333,0.6666666666666667,0.8,0.925,0.625,0.7692307692307692,0.08825369766101143,0.17555968463420868,0.0,0.0,0.0,0.0,0.0,0.0,0.0,0.25,0.40540540540540543,0.0,0,0,0,0,0.0,0.0,0.0,0.0,0.0,0.0,0.0,0.0,0.0,0.0,0,0,0.0,0.0,0.0,0,0,1,0
test,hard_negative,0,1,MATCH,0.8315789473684211,29608,instagram,natashayounge,natasha younge,natashayounge,30120,googleplus,nathanyoung44,nathan young geek alabama,nvyoung,0.8223076923076923,0.6153846153846154,0.7692307692307692,0.6957142857142857,0.4,0.5641025641025641,0.0,0.4350847601890564,0.0,0.0,0.0,0.0,0.0,0.0,0.0,2.735294117647059,0.9912663755458515,0.026624088644364507,0,0,0,0,0.0,0.0,0.0,0.0,0.0,0.0,0.0,0.0,0.0,0.0,0,0,0.0,0.0,0.0,0,0,1,0
test,hard_negative,0,1,MATCH,0.8315789473684211,3274,googleplus,michaelauger,michael auger,arty4ever,8093,twitter,mikeyb2001,michael bernad,superman2132,0.5166666666666667,0.25,0.2727272727272727,0.9081918081918082,0.5714285714285714,0.7407407407407408,0.0,0.09598523378372192,0.0,0.0,0.0,0.0,0.0,0.0,0.0,6.384615384615385,0.0,0.010526315789473684,1,0,0,0,0.0,0.0,0.0,0.0,0.0,0.0,0.0,0.0,0.0,0.0,0,0,0.0,0.0,0.0,0,0,1,0
test,random_negative,0,1,MATCH,0.8223194906677376,30507,googleplus,paolobaratta54,paolo baratta,paolobaratta,35633,twitter,mondobellezza,mondo bellezza,valentinaspoto,0.513919413919414,0.1428571428571429,0.2962962962962963,0.5189255189255189,0.2857142857142857,0.3703703703703704,0.09303534315380615,0.6069337129592896,0.0,0.0,0.0,0.0,0.0,0.0,0.0,0.8575757575757574,0.7714285714285715,0.036243386243386244,1,1,0,1,0.0,0.0,0.0,0.0,0.0,0.0,0.0,0.0,0.0,0.0,1,1,0.12548919022083282,0.1777777777777778,0.17582417582417587,0,0,1,0
test,hard_negative,0,1,MATCH,0.7857142857142857,10747,twitter,jasonsyptak,,jasonsyptak,11552,instagram,jackrevelator,,lunamars,0.47377622377622375,0.23076923076923073,0.25,1.0,1.0,1.0,0.0,0.11484387516975403,0.0,0.0,0.0,0.0,0.0,0.0,0.0,2.25,0.1702127659574468,0.02127659574468085,2,0,0,0,0.0,0.0,0.0,0.0,0.0,0.0,0.0,0.0,0.0,0.0,0,0,0.0,0.0,0.0,0,0,1,0
test,hard_negative,0,1,MATCH,0.7857142857142857,35632,instagram,vialentina,valentina,valentinaspoto,35667,googleplus,valentinabarone,valentina barone,valyb,0.75,0.5333333333333333,0.72,0.9125,0.5625,0.72,0.01989594362610081,0.2971755266189575,0.0,0.0,0.0,0.0,0.0,0.0,0.0,2.7979797979797976,0.5387453874538746,0.004751554364858718,0,0,0,0,0.0,0.0,0.0,0.0,0.0,0.0,0.0,0.0,0.0,0.0,0,0,0.0,0.0,0.0,0,0,1,0
test,hard_negative,0,1,MATCH,0.7841354528440312,2290,googleplus,miguelangelmaccdata,miguel angel,maccdata,11847,twitter,miguela_aguilo,miguel angel aguil,miguelangelaguilo,0.8281203007518797,0.42105263157894735,0.5454545454545454,0.9333333333333333,0.6666666666666667,0.8,0.06932548035672989,0.3193681836128235,0.0,0.0,0.0,0.0,0.0,0.0,0.0,1.183098591549296,0.20145631067961164,0.01950520528716809,1,0,0,0,0.0,0.0,0.0,0.0,0.0,0.0,0.0,0.0,0.0,0.0,0,0,0.0,0.0,0.0,0,0,1,0
test,random_negative,0,1,MATCH,0.7702702702702703,2144,googleplus,joellevan,joel levan,joellevan,36758,twitter,zoedennis,zoe dennis,zoedphotography,0.6296296296296297,0.2222222222222222,0.4444444444444444,0.6666666666666666,0.30000000000000004,0.30000000000000004,0.0,1.0,0.0,0.0,0.0,0.0,0.0,0.0,0.0,0.0,1.0,0.0,1,1,0,1,0.0,0.0,0.0,0.0,0.0,0.0,0.0,0.0,0.0,0.0,1,1,0.0,0.17647058823529416,0.14925373134328357,0,0,1,0
test,random_negative,0,1,MATCH,0.7702702702702703,3216,googleplus,ashtonadair,ashton adair,aphillipsdfw,33757,instagram,soniagennaro,sonia gennaro,soniagennaro,0.5707070707070706,0.16666666666666663,0.5217391304347826,0.6120268620268621,0.15384615384615385,0.48,0.0,0.199743390083313,0.0,0.0,0.0,0.0,0.0,0.0,0.0,6.705882352941177,0.0,0.08461538461538462,0,0,0,0,0.0,0.0,0.0,0.0,0.0,0.0,0.0,0.0,0.0,0.0,0,0,0.0,0.0,0.0,0,0,1,0
test,random_negative,0,1,MATCH,0.7702702702702703,4855,twitter,gregodt,gregorio dvila,gregodt,35311,instagram,tranceh2,david carvallo,tranceh2,0.5119047619047619,0.125,0.2666666666666667,0.5892857142857143,0.0714285714285714,0.2857142857142857,0.20481727342547926,0.45046114921569824,0.0,0.0,0.0,0.0,0.0,0.0,0.0,2.5599999999999996,0.6053811659192825,0.03763494436140176,2,0,0,0,0.0,0.0,0.0,0.0,0.0,0.0,0.0,0.0,0.0,0.0,0,0,0.0,0.0,0.0,0,0,1,0
test,random_negative,0,1,MATCH,0.7702702702702703,6218,googleplus,lynelabrie,lyne labrie,LyneLabrie,8931,twitter,almarvill,lex martnez,almarvill,0.5518518518518518,0.09999999999999998,0.42105263157894735,0.6969696969696969,0.2727272727272727,0.4545454545454546,0.0,1.0,0.0,0.0,0.0,0.0,0.0,0.0,0.0,0.0,1.0,0.0,1,0,0,0,0.0,0.0,0.0,0.0,0.0,0.0,0.0,0.0,0.0,0.0,0,0,0.0,0.0,0.0,0,0,1,0
test,random_negative,0,1,MATCH,0.7702702702702703,7508,googleplus,alexanderliendl,alexander liendl,richprojects,7971,twitter,noodlegirlsie,sothisisthenewshit,sothisisthenewshit,0.5912393162393162,0.19999999999999996,0.5,0.32407407407407407,0.05555555555555558,0.23529411764705888,0.02415665754197862,0.26631152629852295,0.0,0.0,0.0,0.0,0.0,0.0,0.0,3.574898785425101,0.42134831460674155,0.030861423220973787,1,1,0,1,0.0,0.0,0.0,0.0,0.0,0.0,0.0,0.0,0.0,0.0,0,0,0.0,0.0,0.0,0,0,1,0
test,random_negative,0,1,MATCH,0.7702702702702703,8262,googleplus,tiagoschrder,tiago schrder,tiagofernandes,10008,instagram,dschrijvers,danny schrijvers,dschrijvers,0.6446608946608947,0.25,0.5217391304347826,0.7051282051282052,0.4375,0.41379310344827597,0.0,1.0,0.0,0.0,0.0,0.0,0.0,0.0,0.0,0.0,1.0,0.0,0,0,0,0,0.0,0.0,0.0,0.0,0.0,0.0,0.0,0.0,0.0,0.0,0,0,0.0,0.0,0.0,0,0,1,0
test,random_negative,0,1,MATCH,0.7702702702702703,10507,twitter,helsyflores,helsy flores,helsyflores,12734,instagram,sfbirdie,sarah,sarahmatthews,0.6212121212121212,0.18181818181818177,0.42105263157894735,0.3555555555555556,0.16666666666666663,0.23529411764705888,0.32156981128645623,0.41902750730514526,0.0,0.0,0.0,0.0,0.0,0.0,0.0,0.75,0.1984732824427481,0.07633587786259542,2,0,0,0,0.0,0.0,0.0,0.0,0.0,0.0,0.0,0.0,0.0,0.0,0,0,0.0,0.0,0.0,0,0,1,0
test,random_negative,0,1,MATCH,0.7702702702702703,30349,instagram,oscartobing,oscar tobing,oscartobing,30876,googleplus,poarns,po arns,perolofarnas,0.5934343434343434,0.2727272727272727,0.4705882352941176,0.7301587301587302,0.25,0.42105263157894735,0.0,0.084689661860466,0.0,0.0,0.0,0.0,0.0,0.0,0.0,4.583333333333333,0.0,0.09090909090909091,0,0,0,0,0.0,0.0,0.0,0.0,0.0,0.0,0.0,0.0,0.0,0.0,0,0,0.0,0.0,0.0,0,0,1,0
test,hard_negative,0,1,MATCH,0.7702702702702703,35267,twitter,toxicsquall,,toxicsquall,35422,instagram,tonisans,,tsans,0.6931818181818182,0.4545454545454546,0.5263157894736843,1.0,1.0,1.0,0.0,0.036809127777814865,0.0,0.0,0.0,0.0,0.0,0.0,0.0,5.090909090909091,0.0,0.015151515151515152,2,0,0,0,0.0,0.0,0.0,0.0,0.0,0.0,0.0,0.0,0.0,0.0,0,0,0.0,0.0,0.0,0,0,1,0
test,hard_negative,0,1,MATCH,0.7702702702702703,10746,instagram,jasonsyptak,,jasonsyptak,11553,twitter,jackrevelator,,lunamars,0.47377622377622375,0.23076923076923073,0.25,1.0,1.0,1.0,0.0,0.16745269298553467,0.0,0.0,0.0,0.0,0.0,0.0,0.0,5.666666666666667,0.0,0.0,2,0,0,0,0.0,0.0,0.0,0.0,0.0,0.0,0.0,0.0,0.0,0.0,0,0,0.0,0.0,0.0,0,0,1,0
test,hard_negative,0,1,MATCH,0.7702702702702703,10676,instagram,jair007,,jairramirez,10747,twitter,jasonsyptak,,jasonsyptak,0.48917748917748916,0.18181818181818177,0.2222222222222222,1.0,1.0,1.0,0.0,0.1923031508922577,0.0,0.0,0.0,0.0,0.0,0.0,0.0,6.916666666666667,0.0,0.02127659574468085,2,0,0,0,0.0,0.0,0.0,0.0,0.0,0.0,0.0,0.0,0.0,0.0,0,0,0.0,0.0,0.0,0,0,1,0
test,hard_negative,0,1,MATCH,0.7702702702702703,10473,twitter,hamface,,hamface,10516,instagram,hikari5r,,hikari5r,0.5119047619047619,0.125,0.2666666666666667,1.0,1.0,1.0,0.0,1.0,0.0,0.0,0.0,0.0,0.0,0.0,0.0,0.0,1.0,0.0,2,0,0,0,0.0,0.0,0.0,0.0,0.0,0.0,0.0,0.0,0.0,0.0,0,0,0.0,0.0,0.0,0,0,1,0
test,hard_negative,0,1,MATCH,0.7702702702702703,7715,twitter,islammouhammed,,salahislam,10588,instagram,ihnnno,,iHnnno,0.4920634920634921,0.1428571428571429,0.19999999999999996,1.0,1.0,1.0,0.0,0.15760551393032074,0.0,0.0,0.0,0.0,0.0,0.0,0.0,4.5,0.0,0.047619047619047616,2,1,0,1,0.0,0.0,0.0,0.0,0.0,0.0,0.0,0.0,0.0,0.0,0,0,0.0,0.0,0.0,0,0,1,0
test,hard_negative,0,1,MATCH,0.7702702702702703,7705,twitter,eldoradoseo,,sacramentoseo,35587,instagram,emri63,,urspamrein,0.5050505050505051,0.18181818181818177,0.23529411764705888,1.0,1.0,1.0,0.0,0.05088487267494202,0.0,0.0,0.0,0.0,0.0,0.0,0.0,6.428571428571429,0.0,0.0196078431372549,2,1,0,1,0.0,0.0,0.0,0.0,0.0,0.0,0.0,0.0,0.0,0.0,0,0,0.0,0.0,0.0,0,0,1,0
test,hard_negative,0,1,MATCH,0.7702702702702703,7277,twitter,takoba,,plane25,13112,instagram,tenp88,,tenp,0.4444444444444444,0.16666666666666663,0.16666666666666663,1.0,1.0,1.0,0.0,0.2600126266479492,0.0,0.0,0.0,0.0,0.0,0.0,0.007462686567164179,0.8333333333333339,0.8731343283582089,0.0641663477484373,2,0,0,0,0.0,0.0,0.0,0.0,0.0,0.0,0.0,0.0,0.0,0.0,0,0,0.0,0.0,0.0,0,0,1,0
test,hard_negative,0,1,MATCH,0.7702702702702703,5093,twitter,iliasunset,,iliasunset,12072,instagram,infinity93,,nicksims,0.6,0.09999999999999998,0.4,1.0,1.0,1.0,0.0,0.11948764324188232,0.0,0.0,0.0,0.0,0.0,0.0,0.0,4.681818181818182,0.0,0.07258064516129033,2,0,0,0,0.0,0.0,0.0,0.0,0.0,0.0,0.0,0.0,0.0,0.0,0,0,0.0,0.0,0.0,0,0,1,0
test,hard_negative,0,1,MATCH,0.7702702702702703,4917,twitter,hanizex,,hanizex,10516,instagram,hikari5r,,hikari5r,0.4900793650793651,0.25,0.4,1.0,1.0,1.0,0.0,0.05105602741241455,0.0,0.0,0.0,0.0,0.0,0.0,0.0,5.5,0.0,0.08,2,0,0,0,0.0,0.0,0.0,0.0,0.0,0.0,0.0,0.0,0.0,0.0,0,0,0.0,0.0,0.0,0,0,1,0
test,hard_negative,0,1,MATCH,0.7702702702702703,1895,instagram,henry2095,,ebastardas,4917,twitter,hanizex,,hanizex,0.5026455026455027,0.2222222222222222,0.25,1.0,1.0,1.0,0.0,0.25761130452156067,0.0,0.0,0.0,0.0,0.0,0.0,0.0,1.2894736842105265,0.17006802721088435,0.011972789115646254,2,0,0,0,0.0,0.0,0.0,0.0,0.0,0.0,0.0,0.0,0.0,0.0,0,0,0.0,0.0,0.0,0,0,1,0
test,hard_negative,0,1,MATCH,0.7702702702702703,4052,googleplus,davidb,david b,daviddelbarrio,9777,twitter,davebos,david bos,davebos,0.8222222222222222,0.4285714285714286,0.6153846153846154,0.9555555555555556,0.7777777777777778,0.875,0.0,0.16257569193840027,0.0,0.0,0.0,0.0,0.0,0.0,0.0,3.4444444444444446,0.0,0.02564102564102564,1,1,0,1,0.0,0.0,0.0,0.0,0.0,0.0,0.0,0.0,0.0,0.0,0,0,0.0,0.0,0.0,0,0,1,0
test,hard_negative,0,1,MATCH,0.7702702702702703,4052,googleplus,davidb,david b,daviddelbarrio,9776,instagram,davebos,david bos,davebos,0.8222222222222222,0.4285714285714286,0.6153846153846154,0.9555555555555556,0.7777777777777778,0.875,0.0,0.18380898237228394,0.0,0.0,0.0,0.0,0.0,0.0,0.0,5.928571428571429,0.0,0.041666666666666664,0,0,0,0,0.0,0.0,0.0,0.0,0.0,0.0,0.0,0.0,0.0,0.0,0,0,0.0,0.0,0.0,0,0,1,0
test,hard_negative,0,1,MATCH,0.7702702702702703,33938,twitter,stephanie_cain,stephanie a cain,stephaniecain,33975,googleplus,stephaniecarson,stephanie c,stephdc,0.9314285714285714,0.7333333333333334,0.8275862068965517,0.9375,0.6875,0.814814814814815,0.01784222184458218,0.30778002738952637,0.0,0.0,0.0,0.0,0.0,0.0,0.0,1.8030303030303036,0.569672131147541,0.04525887486731926,1,0,0,0,0.0,0.0,0.0,0.0,0.0,0.0,0.0,0.0,0.0,0.0,0,0,0.0,0.0,0.0,0,0,1,0
test,hard_negative,0,1,MATCH,0.7702702702702703,9545,twitter,chemaar,chema de ngel,chemaar,33783,googleplus,chemagarca,chema garca,sosylos,0.9400000000000001,0.7,0.8235294117647058,0.834965034965035,0.46153846153846156,0.5833333333333333,0.07443175721385961,0.29425179958343506,0.0,0.0,0.0,0.0,0.0,0.0,0.0,2.954545454545454,0.39473684210526316,0.009649122807017543,1,0,0,0,0.0,0.0,0.0,0.0,0.0,0.0,0.0,0.0,0.0,0.0,0,0,0.0,0.0,0.0,0,0,1,0
test,hard_negative,0,1,MATCH,0.7702702702702703,2400,googleplus,oscargonzlezmuozjustme,oscar gonzlez muoz,OGMONLYME,12170,instagram,oscargeek,scar gonzlez,oscargeek,0.6986531986531986,0.31818181818181823,0.5161290322580645,0.8055555555555555,0.6666666666666667,0.8,0.0,0.22152161598205566,0.0,0.0,0.0,0.0,0.0,0.0,0.0,0.48026315789473717,0.9099099099099099,0.09178485416109178,0,0,0,0,0.0,0.0,0.0,0.0,0.0,0.0,0.0,0.0,0.0,0.0,0,0,0.0,0.0,0.0,0,0,1,0
test,hard_negative,0,1,MATCH,0.7702702702702703,32242,instagram,rodrigoamem,,rodrigoamem,32252,twitter,rodrigolunam,rodrigolunam,rodrigoluna,0.9136363636363637,0.6666666666666667,0.782608695652174,0.0,0.0,0.0,0.0,1.0,0.0,0.0,0.0,0.0,0.0,0.0,0.0,0.0,1.0,0.0,2,1,0,1,0.0,0.0,0.0,0.0,0.0,0.0,0.0,0.0,0.0,0.0,1,1,0.07995499670505524,0.0,0.18666666666666665,0,0,1,0
test,hard_negative,0,1,MATCH,0.7702702702702703,4052,googleplus,davidb,david b,daviddelbarrio,4077,twitter,davboyle2,david boyle,davidmichaelboyle,0.7925925925925926,0.33333333333333337,0.5333333333333333,0.9272727272727272,0.6363636363636364,0.7777777777777779,0.0,0.19862332940101624,0.0,0.0,0.0,0.0,0.0,0.0,0.0,4.222222222222222,0.0,0.08695652173913043,1,0,0,0,0.0,0.0,0.0,0.0,0.0,0.0,0.0,0.0,0.0,0.0,0,0,0.0,0.0,0.0,0,0,1,0
test,hard_negative,0,1,MATCH,0.7702702702702703,2256,googleplus,stephenlee,stephen lee,leestephen,34024,instagram,stephintoronto,steph l,stephintoronto,0.6761904761904761,0.4285714285714286,0.5,0.9272727272727272,0.6363636363636364,0.7777777777777779,0.0,0.07883154600858688,0.0,0.0,0.0,0.0,0.0,0.0,0.0,9.916666666666666,0.0,0.06153846153846154,0,0,0,0,0.0,0.0,0.0,0.0,0.0,0.0,0.0,0.0,0.0,0.0,0,0,0.0,0.0,0.0,0,0,1,0
test,hard_negative,0,1,MATCH,0.7702702702702703,2290,googleplus,miguelangelmaccdata,miguel angel,maccdata,11846,instagram,miguela_aguilo,miguel angel aguilo,miguelangelaguilo,0.8281203007518797,0.42105263157894735,0.5454545454545454,0.9263157894736842,0.631578947368421,0.7741935483870968,0.02130711416148121,0.46190547943115234,0.0,0.0,0.0,0.0,0.0,0.0,0.0,2.029252437703142,0.24514563106796117,0.008050562337787177,0,0,0,0,0.0,0.0,0.0,0.0,0.0,0.0,0.0,0.0,0.0,0.0,0,0,0.0,0.0,0.0,0,0,1,0
test,hard_negative,0,1,MATCH,0.7702702702702703,29609,twitter,natashayounge,natasha younge,natashayounge,30120,googleplus,nathanyoung44,nathan young geek alabama,nvyoung,0.8223076923076923,0.6153846153846154,0.7692307692307692,0.6957142857142857,0.4,0.5641025641025641,0.0,0.3211281895637512,0.0,0.0,0.0,0.0,0.0,0.0,0.0,0.9411764705882355,0.4279475982532751,0.02918634702789413,1,0,0,0,0.0,0.0,0.0,0.0,0.0,0.0,0.0,0.0,0.0,0.0,0,0,0.0,0.0,0.0,0,0,1,0
test,hard_negative,0,1,MATCH,0.7702702702702703,3801,twitter,christianheeren,christian heeren,christianheeren,6050,googleplus,christopherleon,christopher leon leftyleon,leftyleon,0.8569696969696969,0.6,0.7333333333333334,0.8541208791208791,0.42307692307692313,0.5238095238095238,0.4042886932425901,0.408618688583374,0.0,0.0,0.0,0.0,0.0,0.0,0.0,1.4019607843137258,0.14122137404580154,0.03435114503816794,1,0,0,0,0.0,0.0,0.0,0.0,0.0,0.0,0.0,0.0,0.0,0.0,0,0,0.0,0.0,0.0,0,0,1,0
test,hard_negative,0,1,MATCH,0.7702702702702703,2471,instagram,rebeccabuscemi,rebecca buscemi,rebeccabuscemi,31710,googleplus,rebeccaroebuck,rebecca roebuck,rebeccaroebuck,0.877922077922078,0.5,0.7142857142857143,0.8866666666666667,0.5333333333333333,0.4666666666666666,0.08352503267526928,0.7338467836380005,0.0,0.0,0.0,0.0,0.0,0.0,0.0,0.9678571428571434,0.4583333333333333,0.039335664335664336,0,0,0,0,0.0,0.0,0.0,0.0,0.0,0.0,0.0,0.0,0.0,0.0,0,0,0.0,0.0,0.0,0,0,1,0
test,random_negative,0,1,MATCH,0.606060606060606,1660,googleplus,benediktsebastian,benedikt sebastian,benediktsebastian,33314,twitter,ffffeng,shan feng,shanfeng,0.46778711484593827,0.05882352941176472,0.16666666666666663,0.38888888888888884,0.11111111111111116,0.4444444444444444,0.26936552603438974,0.39425763487815857,0.0,0.0,0.0,0.0,0.0,0.0,0.0,1.291666666666667,0.09183673469387756,0.08560090702947845,1,0,0,0,0.0,0.0,0.0,0.0,0.0,0.0,0.0,0.0,0.0,0.0,0,0,0.0,0.0,0.0,0,0,1,0
test,random_negative,0,1,MATCH,0.606060606060606,3440,googleplus,billdouglas,bill douglas,billdouglas,36523,instagram,yodspica,elio assuncao social media,yodspica,0.537878787878788,0.18181818181818177,0.21052631578947367,0.4914529914529915,0.15384615384615385,0.26315789473684215,0.19416992115586088,0.4660826325416565,0.0,0.0,0.0,0.0,0.0,0.0,0.0,1.1096256684491985,0.8986486486486487,0.023318431213168053,0,0,0,0,0.0,0.0,0.0,0.0,0.0,0.0,0.0,0.0,0.0,0.0,0,0,0.0,0.0,0.0,0,0,1,0
test,random_negative,0,1,MATCH,0.606060606060606,3620,googleplus,dewanpardiwala,dewan pardiwala,californiametal,10553,twitter,ianmartinadams,ian martin adams,ianadams,0.6726190476190476,0.3571428571428571,0.5,0.6837962962962963,0.375,0.4516129032258065,0.0,0.4360497295856476,0.0,0.0,0.0,0.0,0.0,0.0,0.0,2.477941176470588,0.6595744680851063,0.06108442004118051,1,0,0,0,0.0,0.0,0.0,0.0,0.0,0.0,0.0,0.0,0.0,0.0,0,0,0.0,0.0,0.0,0,0,1,0
test,random_negative,0,1,MATCH,0.606060606060606,3748,googleplus,chaselisbon,chase lisbon,chaselisbon,8845,twitter,aldomorrison,aldo ojeda,aldojeda,0.6262626262626263,0.25,0.5217391304347826,0.5722222222222223,0.08333333333333337,0.2727272727272727,0.0,0.08664032816886902,0.0,0.0,0.0,0.0,0.0,0.0,0.0,6.0476190476190474,0.0,0.02040816326530612,1,0,0,0,0.0,0.0,0.0,0.0,0.0,0.0,0.0,0.0,0.0,0.0,0,0,0.0,0.0,0.0,0,0,1,0
test,random_negative,0,1,MATCH,0.606060606060606,4236,googleplus,dilipandrade,dilip andrade,dilip,32242,instagram,rodrigoamem,,rodrigoamem,0.5570707070707072,0.08333333333333337,0.34782608695652173,0.0,0.0,0.0,0.0,1.0,0.0,0.0,0.0,0.0,0.0,0.0,0.0,0.0,1.0,0.0,0,0,0,0,0.0,0.0,0.0,0.0,0.0,0.0,0.0,0.0,0.0,0.0,0,0,0.0,0.0,0.0,0,0,1,0
test,random_negative,0,1,MATCH,0.606060606060606,5484,googleplus,joegande,joe gande,joegande,8203,twitter,theavangelist,andy parker,theavangelist,0.6032051282051282,0.3076923076923077,0.38095238095238093,0.5353535353535354,0.2727272727272727,0.5,0.10920312254181096,0.3229396939277649,0.0,0.0,0.0,0.0,0.0,0.0,0.0,12.666666666666668,0.49557522123893805,0.008217446270543619,1,0,0,0,0.0,0.0,0.0,0.0,0.0,0.0,0.0,0.0,0.0,0.0,0,0,0.0,0.0,0.0,0,0,1,0
test,random_negative,0,1,MATCH,0.606060606060606,6332,googleplus,marcosgazzana,marcos gazzana,marcosgazzana,8117,twitter,sylviaduckworth,sylvia duckworth,sylviaduckworth,0.36581196581196584,0.0,0.2142857142857143,0.3452380952380951,0.0625,0.19999999999999996,0.08475466629589806,0.5755347013473511,0.0,0.0,0.0,0.0,0.0,0.0,0.0,0.6284722222222223,0.5158730158730159,0.0101953601953602,1,0,0,0,0.0,0.0,0.0,0.0,0.0,0.0,0.0,0.0,0.0,0.0,0,0,0.0,0.0,0.0,0,0,1,0
test,random_negative,0,1,MATCH,0.606060606060606,7482,googleplus,ricardoharom,ricardo haro,ricardoharo,30584,twitter,patriciaalisa,patricia anderson,patricialisa,0.467094017094017,0.15384615384615385,0.4,0.6486928104575163,0.2941176470588235,0.5517241379310345,0.0,1.0,0.0,0.0,0.0,0.0,0.0,0.0,0.0,0.0,1.0,0.0,1,0,0,0,0.0,0.0,0.0,0.0,0.0,0.0,0.0,0.0,0.0,0.0,0,0,0.0,0.0,0.0,0,0,1,0
test,random_negative,0,1,MATCH,0.606060606060606,30159,googleplus,alexodam1994,alex odam,odam,34064,twitter,steve_law,,stevelaw,0.41666666666666674,0.08333333333333337,0.19047619047619047,0.0,0.0,0.0,0.18210872055670124,0.3047558069229126,0.0,0.0,0.0,0.0,0.0,0.0,0.0,1.642679900744417,0.2589928057553957,0.03397282174260591,1,0,0,0,0.0,0.0,0.0,0.0,0.0,0.0,0.0,0.0,0.0,0.0,0,0,0.0,0.0,0.0,0,0,1,0
test,random_negative,0,1,MATCH,0.606060606060606,30284,twitter,opsigno,opsigno,opsigno,32955,googleplus,schiavini,guilherme marafon,schiavini,0.5873015873015873,0.2222222222222222,0.375,0.30112044817927175,0.05882352941176472,0.16666666666666663,0.06986383040519945,0.37616291642189026,0.0,0.0,0.0,0.0,0.0,0.0,0.0,1.541501976284585,0.772972972972973,0.006350406350406349,1,1,0,1,0.0,0.0,0.0,0.0,0.0,0.0,0.0,0.0,0.0,0.0,1,1,0.16614443063735962,0.24615384615384617,0.17543859649122806,0,0,1,0
test,hard_negative,0,1,MATCH,0.606060606060606,36616,instagram,zacattac,,zacattac,36746,twitter,ziyad_hryz,,ziyadhryz,0.4833333333333334,0.19999999999999996,0.2222222222222222,1.0,1.0,1.0,0.0,0.17297077178955078,0.0,0.0,0.0,0.0,0.0,0.0,0.0,5.130434782608695,0.0,0.06428571428571428,2,0,0,0,0.0,0.0,0.0,0.0,0.0,0.0,0.0,0.0,0.0,0.0,0,0,0.0,0.0,0.0,0,0,1,0
test,hard_negative,0,1,MATCH,0.606060606060606,13101,twitter,teacupkitteh,,TeaCupKitteh,33448,instagram,taroshin225,,shintaroabe,0.5075757575757576,0.25,0.26086956521739135,1.0,1.0,1.0,0.0,0.1692863404750824,0.0,0.0,0.0,0.0,0.0,0.0,0.0,6.666666666666667,0.0,0.045454545454545456,2,0,0,0,0.0,0.0,0.0,0.0,0.0,0.0,0.0,0.0,0.0,0.0,0,0,0.0,0.0,0.0,0,0,1,0
test,hard_negative,0,1,MATCH,0.606060606060606,13100,instagram,teacupkitteh,,TeaCupKitteh,33449,twitter,taroshin225,,shintaroabe,0.5075757575757576,0.25,0.26086956521739135,1.0,1.0,1.0,0.0,0.20690257847309113,0.0,0.0,0.0,0.0,0.0,0.0,0.0,7.0,0.0,0.03225806451612903,2,1,0,1,0.0,0.0,0.0,0.0,0.0,0.0,0.0,0.0,0.0,0.0,1,1,0.0,0.0,0.2432432432432432,0,0,1,0
test,hard_negative,0,1,MATCH,0.606060606060606,9298,instagram,bitanga,,bitanga,35618,twitter,babeshin_sv,,vabisin,0.5670995670995671,0.18181818181818177,0.33333333333333337,1.0,1.0,1.0,0.0,0.08501437306404114,0.0,0.0,0.0,0.0,0.0,0.0,0.0,4.117647058823529,0.0,0.03488372093023256,2,0,0,0,0.0,0.0,0.0,0.0,0.0,0.0,0.0,0.0,0.0,0.0,0,0,0.0,0.0,0.0,0,0,1,0
test,hard_negative,0,1,MATCH,0.606060606060606,8901,twitter,ali_alsabbagh,,alialsabbagh,8940,instagram,alqamash,,Alqamash,0.6816239316239318,0.3846153846153846,0.4761904761904761,1.0,1.0,1.0,0.0,0.212935209274292,0.0,0.0,0.0,0.0,0.0,0.0,0.0,3.571428571428571,0.48872180451127817,0.0471949103528051,2,0,0,0,0.0,0.0,0.0,0.0,0.0,0.0,0.0,0.0,0.0,0.0,0,0,0.0,0.0,0.0,0,0,1,0
test,hard_negative,0,1,MATCH,0.606060606060606,8679,twitter,zcochran88,,zacharycochran,36652,instagram,zaidilfirza,,zaidilfirza,0.5242424242424243,0.09090909090909094,0.2857142857142857,1.0,1.0,1.0,0.0,0.03757176175713539,0.0,0.0,0.0,0.0,0.0,0.0,0.0,1.7670454545454541,0.9393939393939394,0.012707722385141743,2,1,0,1,0.0,0.0,0.0,0.0,0.0,0.0,0.0,0.0,0.0,0.0,0,0,0.0,0.0,0.0,0,0,1,0
test,hard_negative,0,1,MATCH,0.606060606060606,8185,twitter,zverenka,,tehhi,36652,instagram,zaidilfirza,,zaidilfirza,0.4772727272727273,0.18181818181818177,0.3157894736842105,1.0,1.0,1.0,0.0,0.03709639981389046,0.0,0.0,0.0,0.0,0.0,0.0,0.0,0.03146853146853079,0.5909090909090909,0.04020979020979021,2,1,0,1,0.0,0.0,0.0,0.0,0.0,0.0,0.0,0.0,0.0,0.0,0,0,0.0,0.0,0.0,0,0,1,0
test,hard_negative,0,1,MATCH,0.606060606060606,6519,twitter,shiibanee,,mawadashiba,12844,instagram,shawn2death,,shawn2death,0.6700336700336701,0.2727272727272727,0.5,1.0,1.0,1.0,0.0,0.34219884872436523,0.0,0.0,0.0,0.0,0.0,0.0,0.0,2.875,0.832,0.001769230769230773,2,0,0,0,0.0,0.0,0.0,0.0,0.0,0.0,0.0,0.0,0.0,0.0,0,0,0.0,0.0,0.0,0,0,1,0
test,hard_negative,0,1,MATCH,0.606060606060606,6273,twitter,igeektvplus,,malikhinds,10588,instagram,ihnnno,,iHnnno,0.4191919191919191,0.09090909090909094,0.11764705882352944,1.0,1.0,1.0,0.0,1.0,0.0,0.0,0.0,0.0,0.0,0.0,0.0,0.0,1.0,0.0,2,1,0,1,0.0,0.0,0.0,0.0,0.0,0.0,0.0,0.0,0.0,0.0,0,0,0.0,0.0,0.0,0,0,1,0
test,hard_negative,0,1,MATCH,0.606060606060606,5093,twitter,iliasunset,,iliasunset,10588,instagram,ihnnno,,iHnnno,0.5111111111111111,0.19999999999999996,0.25,1.0,1.0,1.0,0.0,0.11948764324188232,0.0,0.0,0.0,0.0,0.0,0.0,0.0,4.681818181818182,0.0,0.07258064516129033,2,0,0,0,0.0,0.0,0.0,0.0,0.0,0.0,0.0,0.0,0.0,0.0,0,0,0.0,0.0,0.0,0,0,1,0
test,hard_negative,0,1,MATCH,0.606060606060606,2079,instagram,jaznet,,janankerstjerne,10747,twitter,jasonsyptak,,jasonsyptak,0.6767676767676768,0.36363636363636365,0.4705882352941176,1.0,1.0,1.0,0.0,0.1923031508922577,0.0,0.0,0.0,0.0,0.0,0.0,0.0,6.916666666666667,0.0,0.02127659574468085,2,0,0,0,0.0,0.0,0.0,0.0,0.0,0.0,0.0,0.0,0.0,0.0,0,0,0.0,0.0,0.0,0,0,1,0
test,hard_negative,0,1,MATCH,0.606060606060606,1895,instagram,henry2095,,ebastardas,10517,twitter,hikari5r,,hikari5r,0.5694444444444444,0.11111111111111116,0.3529411764705882,1.0,1.0,1.0,0.0,0.20092317461967468,0.0,0.0,0.0,0.0,0.0,0.0,0.0,16.210526315789473,0.1564625850340136,0.02454895001478853,2,0,0,0,0.0,0.0,0.0,0.0,0.0,0.0,0.0,0.0,0.0,0.0,0,0,0.0,0.0,0.0,0,0,1,0
test,hard_negative,0,1,MATCH,0.606060606060606,7704,googleplus,christopherarnell,christopher arnell,sacramentoseo,9501,twitter,christopherlane,christopher lane,cdl,0.9498039215686275,0.7647058823529411,0.875,0.9527777777777777,0.7777777777777778,0.6470588235294117,0.02945377131757887,0.03332475200295448,0.0,0.0,0.0,0.0,0.0,0.0,0.0,1.619047619047619,0.06802721088435375,0.034013605442176874,1,1,0,1,0.0,0.0,0.0,0.0,0.0,0.0,0.0,0.0,0.0,0.0,0,0,0.0,0.0,0.0,0,0,1,0
test,hard_negative,0,1,MATCH,0.606060606060606,33936,googleplus,stephaniecain,stephanie cain,stephaniecain,33976,instagram,stephdc1004,stephanie carson,stephdc,0.668997668997669,0.3846153846153846,0.5,0.9482142857142858,0.8125,0.8666666666666667,0.014733992541148787,0.19600728154182434,0.0,0.0,0.0,0.0,0.0,0.0,0.0,1.1333333333333329,0.46564885496183206,0.0754598923789263,0,0,0,0,0.0,0.0,0.0,0.0,0.0,0.0,0.0,0.0,0.0,0.0,0,0,0.0,0.0,0.0,0,0,1,0
test,hard_negative,0,1,MATCH,0.606060606060606,32576,twitter,rynobot,ryan ott,ryanott,32580,googleplus,ryanriot,ryan riot,ryanriot,0.8238095238095238,0.625,0.6666666666666667,0.9305555555555555,0.6666666666666667,0.8235294117647058,0.0,0.22001731395721436,0.0,0.0,0.0,0.0,0.0,0.0,0.0,0.7323529411764707,0.9508196721311475,0.048332391181458455,1,1,0,1,0.0,0.0,0.0,0.0,0.0,0.0,0.0,0.0,0.0,0.0,1,1,0.0,0.16129032258064513,0.19672131147540983,0,0,1,0
test,hard_negative,0,1,MATCH,0.606060606060606,32207,twitter,rockaz360,rodrigo silva,rockaz,32250,googleplus,rodrigoluna,rodrigo luna,rodrigoluna,0.468013468013468,0.18181818181818177,0.30000000000000004,0.9205128205128206,0.6923076923076923,0.56,0.0,0.27736496925354004,0.0,0.0,0.0,0.0,0.0,0.0,0.0,4.5,0.0,0.0,1,1,0,1,0.0,0.0,0.0,0.0,0.0,0.0,0.0,0.0,0.0,0.0,1,1,0.1615031361579895,0.19047619047619047,0.1686746987951807,0,0,1,0
test,hard_negative,0,1,MATCH,0.606060606060606,6364,googleplus,mariorader,mario rader,mariorader,9686,instagram,marauder,caroline giegerich,dailymarauder,0.8341666666666666,0.6,0.7777777777777779,0.5798460798460798,0.33333333333333337,0.41379310344827597,0.0,0.2793472409248352,0.0,0.0,0.0,0.0,0.0,0.0,0.0,0.6223776223776225,0.5454545454545454,0.0784313725490196,0,0,0,0,0.0,0.0,0.0,0.0,0.0,0.0,0.0,0.0,0.0,0.0,0,0,0.0,0.0,0.0,0,0,1,0
test,hard_negative,0,1,MATCH,0.606060606060606,3779,twitter,christiane_fs,chris fernandes,chrisfernandes,35661,googleplus,chrisdelgrande,chris del grande,valuedmerchants,0.6872710622710624,0.3571428571428571,0.5925925925925926,0.8766666666666667,0.625,0.7741935483870968,0.0,0.11701571941375732,0.0,0.0,0.0,0.0,0.0,0.0,0.0,1.083333333333333,0.15789473684210525,0.017543859649122806,1,0,0,0,0.0,0.0,0.0,0.0,0.0,0.0,0.0,0.0,0.0,0.0,0,0,0.0,0.0,0.0,0,0,1,0
test,hard_negative,0,1,MATCH,0.606060606060606,6648,googleplus,michaelsauerslibrarian,michael sauers,michaelsauers,11866,instagram,mikon_nikon,michael roberts,mikeroberts,0.4696969696969697,0.18181818181818177,0.24242424242424243,0.8856277056277057,0.7333333333333334,0.7586206896551724,0.0,0.1103614941239357,0.0,0.0,0.0,0.0,0.0,0.0,0.0,2.4620689655172407,0.05714285714285714,0.07252747252747253,0,0,0,0,0.0,0.0,0.0,0.0,0.0,0.0,0.0,0.0,0.0,0.0,0,0,0.0,0.0,0.0,0,0,1,0
test,hard_negative,0,1,MATCH,0.606060606060606,7672,googleplus,ryanmckay,ryan mckay,RyanCMcKay,32540,twitter,ryagas,ryan c,ryagas,0.7925925925925926,0.4444444444444444,0.5333333333333333,0.92,0.6,0.75,0.0,0.19888736307621002,0.0,0.0,0.0,0.0,0.0,0.0,0.0,5.066666666666666,0.0,0.011111111111111112,1,0,0,0,0.0,0.0,0.0,0.0,0.0,0.0,0.0,0.0,0.0,0.0,0,0,0.0,0.0,0.0,0,0,1,0
test,hard_negative,0,1,MATCH,0.606060606060606,7450,googleplus,reneerose,renee rose,reneerose,31762,instagram,renehamburg,rene s,renehamburg,0.6700336700336701,0.36363636363636365,0.5,0.92,0.6,0.75,0.029467634524089053,0.344271183013916,0.0,0.0,0.0,0.0,0.0,0.0,0.0051813471502590676,0.3290083410565341,0.32656514382402707,0.05540797629380255,0,0,0,0,0.0,0.0,0.0,0.0,0.0,0.0,0.0,0.0,0.0,0.0,0,0,0.0,0.0,0.0,0,0,1,0
test,hard_negative,0,1,MATCH,0.606060606060606,30846,googleplus,rodrigopenasantos,rodrigo pena,pena,32207,twitter,rockaz360,rodrigo silva,rockaz,0.5032679738562091,0.17647058823529416,0.23076923076923073,0.8884615384615385,0.6923076923076923,0.56,0.0,0.27736496925354004,0.0,0.0,0.0,0.0,0.0,0.0,0.0,4.5,0.0,0.0,1,1,0,1,0.0,0.0,0.0,0.0,0.0,0.0,0.0,0.0,0.0,0.0,1,1,0.1615031361579895,0.19047619047619047,0.2471910112359551,0,0,1,0
test,hard_negative,0,1,MATCH,0.513593783109671,29838,googleplus,nicholasclark84,nicholas clark,nickclark,29897,twitter,nicolassalvador,nicolas salvador,nicolassalvador,0.8211111111111111,0.4666666666666667,0.6666666666666667,0.8558712121212121,0.5625,0.4666666666666666,0.0,0.08305373787879944,0.0,0.0,0.0,0.0,0.0,0.0,0.0,5.2,0.0,0.01639344262295082,1,0,0,0,0.0,0.0,0.0,0.0,0.0,0.0,0.0,0.0,0.0,0.0,0,0,0.0,0.0,0.0,0,0,1,0
test,random_negative,0,1,MATCH,0.5,1770,googleplus,mariocolque,mario colque,colkito,30691,instagram,martinimonkey,paul,paulhale,0.668997668997669,0.3846153846153846,0.5,0.5555555555555555,0.16666666666666663,0.125,0.0,0.13244983553886414,0.0,0.0,0.0,0.0,0.0,0.0,0.0,0.3458781362007164,0.5511111111111111,0.026989247311827953,0,0,0,0,0.0,0.0,0.0,0.0,0.0,0.0,0.0,0.0,0.0,0.0,0,0,0.0,0.0,0.0,0,0,1,0
test,random_negative,0,1,MATCH,0.5,1782,googleplus,cristianor.ribeiro,cristiano r ribeiro,cristianorribeiro,2563,instagram,settimocielo,emanuelaghirardi,settimocielo,0.5787037037037037,0.33333333333333337,0.4666666666666666,0.5080409356725146,0.1578947368421053,0.2857142857142857,0.0,1.0,0.0,0.0,0.0,0.0,0.0,0.0,0.0,0.0,1.0,0.0,0,0,0,0,0.0,0.0,0.0,0.0,0.0,0.0,0.0,0.0,0.0,0.0,0,0,0.0,0.0,0.0,0,0,1,0
test,random_negative,0,1,MATCH,0.5,2470,googleplus,rebeccabuscemi,rebecca buscemi,rebeccabuscemi,34636,instagram,tfloersch,tina floersch,tfloersch,0.41005291005291,0.1428571428571429,0.26086956521739135,0.4393162393162393,0.1333333333333333,0.2857142857142857,0.02619684549443521,0.4896082878112793,0.0,0.0,0.0,0.0,0.0,0.0,0.0,1.8181818181818175,0.24897959183673468,0.004148544663767148,0,0,0,0,0.0,0.0,0.0,0.0,0.0,0.0,0.0,0.0,0.0,0.0,0,0,0.0,0.0,0.0,0,0,1,0
test,random_negative,0,1,MATCH,0.5,2723,instagram,vitalytennant,vitaly tennant,vitalyvt,5811,twitter,kenanator,kenanator,kenanator,0.4173789173789173,0.15384615384615385,0.4545454545454546,0.41005291005291,0.1428571428571429,0.43478260869565216,0.019086620284968582,0.06638875603675842,0.0,0.0,0.0,0.0,0.0,0.0,0.0,1.9849624060150375,0.2558139534883721,0.01620859760394644,2,0,0,0,0.0,0.0,0.0,0.0,0.0,0.0,0.0,0.0,0.0,0.0,0,0,0.0,0.0,0.0,0,0,1,0
test,random_negative,0,1,MATCH,0.5,2800,googleplus,amybethcuppdesign,amy beth cupp,abcddesigns,13447,twitter,wanderingscapes,aman,wanderingscapes,0.530905695611578,0.11764705882352944,0.375,0.5512820512820512,0.15384615384615385,0.23529411764705888,0.16193377661467726,0.3546883761882782,0.0,0.0,0.0,0.0,0.0,0.0,0.0,0.6997518610421833,0.4597156398104265,0.023110372795231347,1,0,0,0,0.0,0.0,0.0,0.0,0.0,0.0,0.0,0.0,0.0,0.0,0,0,0.0,0.0,0.0,0,0,1,0
test,random_negative,0,1,MATCH,0.5,3151,twitter,android8675,andy,andyob,12716,instagram,sandylucien,sandy campaa,sandylucien,0.5757575757575758,0.18181818181818177,0.36363636363636365,0.7777777777777777,0.33333333333333337,0.5,0.0,0.07115043699741364,0.0,0.0,0.0,0.0,0.0,0.0,0.0,1.1965811965811968,0.574468085106383,0.005122143420015761,2,0,0,0,0.0,0.0,0.0,0.0,0.0,0.0,0.0,0.0,0.0,0.0,0,0,0.0,0.0,0.0,0,0,1,0
test,random_negative,0,1,MATCH,0.5,3216,googleplus,ashtonadair,ashton adair,aphillipsdfw,9298,instagram,bitanga,,bitanga,0.5616883116883117,0.2727272727272727,0.33333333333333337,0.0,0.0,0.0,0.0,1.0,0.0,0.0,0.0,0.0,0.0,0.0,0.0,0.0,1.0,0.0,0,0,0,0,0.0,0.0,0.0,0.0,0.0,0.0,0.0,0.0,0.0,0.0,0,0,0.0,0.0,0.0,0,0,1,0
test,random_negative,0,1,MATCH,0.5,3311,twitter,atifernandez,ati fernndez,atifernandez,29595,googleplus,nataliamartinez,natalia martinez,nataliamartinez,0.6722222222222222,0.4,0.5185185185185186,0.6597222222222222,0.4375,0.4285714285714286,0.0,0.4718000292778015,0.0,0.0,0.0,0.0,0.0,0.0,0.0,0.662337662337662,0.4251207729468599,0.05055994729907773,1,0,0,0,0.0,0.0,0.0,0.0,0.0,0.0,0.0,0.0,0.0,0.0,0,0,0.0,0.0,0.0,0,0,1,0
test,random_negative,0,1,MATCH,0.5,3556,googleplus,danhendricksoncreative,dan hendrickson,brokenreality,31076,twitter,pierrecappelli,pierre cappelli,pierrecappelli,0.5584415584415584,0.2272727272727273,0.33333333333333337,0.4222222222222223,0.06666666666666665,0.2666666666666667,0.10686282949442898,0.43916863203048706,0.0,0.0,0.0,0.0,0.0,0.0,0.0,0.01547987616099089,0.4463667820069204,0.005954775891204633,1,0,0,0,0.0,0.0,0.0,0.0,0.0,0.0,0.0,0.0,0.0,0.0,0,0,0.0,0.0,0.0,0,0,1,0
test,random_negative,0,1,MATCH,0.5,3646,googleplus,carinavaz,carina vaz,carinavaz,11207,twitter,k4t4,katherine castaon,kcasriv,0.0,0.0,0.0,0.6563025210084034,0.3529411764705882,0.3703703703703704,0.06309800806656313,0.5029417872428894,0.0,0.0,0.0,0.0,0.0,0.0,0.0,0.21833333333333282,0.9285714285714286,0.03891941391941392,1,1,0,1,0.0,0.0,0.0,0.0,0.0,0.0,0.0,0.0,0.0,0.0,0,0,0.0,0.0,0.0,0,0,1,0
test,random_negative,0,1,MATCH,0.5,3977,twitter,dgil,daniel gil,danielgilsoles,5914,googleplus,danielkraus,daniel kraus,krausdaniel,0.6742424242424242,0.2727272727272727,0.4,0.8566666666666667,0.5833333333333333,0.6363636363636364,0.006999825003194192,0.12955497205257416,0.0,0.0,0.0,0.0,0.0,0.0,0.0,0.6763285024154584,0.4252199413489736,0.01688745070280109,1,0,0,0,0.0,0.0,0.0,0.0,0.0,0.0,0.0,0.0,0.0,0.0,0,0,0.0,0.0,0.0,0,0,1,0
test,random_negative,0,1,MATCH,0.5,4001,twitter,dan_orth,dan orth,danorth,32545,instagram,ryanferg,ryan ferguson,ryanferg,0.5833333333333334,0.25,0.375,0.4358974358974359,0.3076923076923077,0.2857142857142857,0.13903716172313987,0.5748828649520874,0.0,0.0,0.0,0.0,0.0,0.0,0.0,1.5,0.3787878787878788,0.029090909090909084,2,0,0,0,0.0,0.0,0.0,0.0,0.0,0.0,0.0,0.0,0.0,0.0,0,0,0.0,0.0,0.0,0,0,1,0
test,random_negative,0,1,MATCH,0.5,4372,googleplus,edgelink,edgelink it staffing it recruiting it jobs,edgelink,34139,twitter,stoneyxl,stoneyxl photography,stoneyxl,0.4722222222222221,0.0,0.25,0.4126984126984128,0.1428571428571429,0.22580645161290325,0.0,0.14405952394008636,0.0,0.0,0.0,0.0,0.0,0.0,0.0,6.0256410256410255,0.0,0.027422303473491772,1,1,0,1,0.0,0.0,0.0,0.0,0.0,0.0,0.0,0.0,0.0,0.0,1,1,0.0,0.34,0.12121212121212122,0,0,1,0
test,random_negative,0,1,MATCH,0.5,4714,googleplus,markgallardo,mark gallardo,gallardomark,31205,twitter,poohko_hawaii,poohko hawaii,poohkohawaii,0.4935897435897436,0.07692307692307687,0.24,0.5384615384615384,0.15384615384615385,0.3076923076923077,0.051758379862676895,0.28523391485214233,0.0,0.0,0.0,0.0,0.0,0.0,0.0,3.1538461538461533,0.6893939393939394,0.09848484848484848,1,1,0,1,0.0,0.0,0.0,0.0,0.0,0.0,0.0,0.0,0.0,0.0,1,1,0.26662757992744446,0.2093023255813954,0.16470588235294115,0,0,1,0
test,random_negative,0,1,MATCH,0.5,4995,twitter,hillaryfox,hillary fox,hillaryfox,35622,googleplus,vaduvaiulian,vaduva iulian ix,vaduvaiulian,0.40555555555555567,0.08333333333333337,0.2727272727272727,0.4556818181818183,0.1875,0.2222222222222222,0.056490882797034195,0.5193691849708557,0.0,0.0,0.0,0.0,0.0,0.0,0.0,0.7800000000000002,0.4982456140350877,0.017420311341734614,1,0,0,0,0.0,0.0,0.0,0.0,0.0,0.0,0.0,0.0,0.0,0.0,0,0,0.0,0.0,0.0,0,0,1,0
test,random_negative,0,1,MATCH,0.5,5850,googleplus,avacooper,ava cooper,kidshangman,10397,twitter,gianmarcoferro,gianmarco ferro,gianmarcoferro,0.5873015873015873,0.3571428571428571,0.5217391304347826,0.6746031746031745,0.4,0.31999999999999995,0.0,0.2659059762954712,0.0,0.0,0.0,0.0,0.0,0.0,0.0,2.05,0.15028901734104047,0.03557136505113384,1,0,0,0,0.0,0.0,0.0,0.0,0.0,0.0,0.0,0.0,0.0,0.0,0,0,0.0,0.0,0.0,0,0,1,0
test,random_negative,0,1,MATCH,0.5,6135,twitter,eleazeta,,loleta,33717,googleplus,henrysoenarko,henry soenarko,soenarko,0.5352564102564102,0.23076923076923073,0.2857142857142857,0.0,0.0,0.0,0.0,0.059289127588272095,0.0,0.0,0.0,0.0,0.0,0.0,0.0,7.0,0.0,0.0,1,1,0,1,0.0,0.0,0.0,0.0,0.0,0.0,0.0,0.0,0.0,0.0,0,0,0.0,0.0,0.0,0,0,1,0
test,random_negative,0,1,MATCH,0.5,6496,googleplus,mattnixon8813,matt nixon,mattnixon,6829,twitter,mtomlins,mark tomlinson,mtomlins,0.6032051282051282,0.23076923076923073,0.38095238095238093,0.7657142857142858,0.4285714285714286,0.5,0.0,0.19419291615486145,0.0,0.0,0.0,0.0,0.0,0.0,0.0,7.0,0.0,0.04504504504504504,1,0,0,0,0.0,0.0,0.0,0.0,0.0,0.0,0.0,0.0,0.0,0.0,0,0,0.0,0.0,0.0,0,0,1,0
test,random_negative,0,1,MATCH,0.5,7998,googleplus,stephenboyd,stephen boyd,sspboyd,9631,twitter,cynthinee,c m orozco,cmorozco,0.436026936026936,0.18181818181818177,0.30000000000000004,0.4555555555555555,0.08333333333333337,0.09090909090909094,0.127064785078521,0.357524037361145,0.0,0.0,0.0,0.0,0.0,0.0,0.0,0.020202020202019888,0.5412371134020618,0.03215513009327442,1,0,0,0,0.0,0.0,0.0,0.0,0.0,0.0,0.0,0.0,0.0,0.0,0,0,0.0,0.0,0.0,0,0,1,0
test,random_negative,0,1,MATCH,0.5,8180,googleplus,ralfnhmer,ralf nhmer,teezeit,34829,twitter,thinzaroo,thinzar najma,thinzaroo,0.4814814814814814,0.0,0.2222222222222222,0.5205128205128206,0.15384615384615385,0.34782608695652173,0.0,0.28083592653274536,0.0,0.0,0.0,0.0,0.0,0.0,0.0,9.222222222222221,0.3597122302158273,0.0,1,1,0,1,0.0,0.0,0.0,0.0,0.0,0.0,0.0,0.0,0.0,0.0,1,1,0.22177976369857788,0.2033898305084746,0.1724137931034483,0,0,1,0
test,random_negative,0,1,MATCH,0.5,8937,twitter,alpoma,alejandro polanco,alpoma,35412,googleplus,alexandraleisse,alexandra leisse,troubalex,0.5666666666666667,0.19999999999999996,0.2857142857142857,0.7930882352941176,0.47058823529411764,0.5454545454545454,0.03443905137819484,0.5664729475975037,0.0,0.0,0.0,0.0,0.0,0.0,0.0,1.4044117647058822,0.5688073394495413,0.06451612903225806,1,0,0,0,0.0,0.0,0.0,0.0,0.0,0.0,0.0,0.0,0.0,0.0,0,0,0.0,0.0,0.0,0,0,1,0
test,random_negative,0,1,MATCH,0.5,9043,twitter,andrewschar,s,andrewschar,33694,instagram,sobotisaris,aris sobotis,sobotis,0.5151515151515151,0.09090909090909094,0.2727272727272727,0.6944444444444443,0.08333333333333337,0.15384615384615385,0.06322948198281696,0.4518720209598541,0.0,0.0,0.0,0.0,0.0,0.0,0.0,3.216666666666667,0.7884615384615384,0.049953095684803,2,0,0,0,0.0,0.0,0.0,0.0,0.0,0.0,0.0,0.0,0.0,0.0,0,0,0.0,0.0,0.0,0,0,1,0
test,random_negative,0,1,MATCH,0.5,9824,instagram,davidrmackenzie,,davidrmackenzie,29406,googleplus,muratbilican,murat bilican,muratbilican,0.6083333333333333,0.06666666666666665,0.2962962962962963,0.0,0.0,0.0,0.0,0.06388407945632935,0.0,0.0,0.0,0.0,0.0,0.0,0.0,5.538461538461538,0.0,0.0,0,0,0,0,0.0,0.0,0.0,0.0,0.0,0.0,0.0,0.0,0.0,0.0,0,0,0.0,0.0,0.0,0,0,1,0
test,random_negative,0,1,MATCH,0.5,12589,twitter,ronaristimuno,ronald aristimuo,ronaristimuno,32250,googleplus,rodrigoluna,rodrigo luna,rodrigoluna,0.668997668997669,0.46153846153846156,0.5,0.6597222222222222,0.3125,0.3571428571428571,0.0,0.1605280637741089,0.0,0.0,0.0,0.0,0.0,0.0,0.0,6.0,0.0,0.08333333333333333,1,0,0,0,0.0,0.0,0.0,0.0,0.0,0.0,0.0,0.0,0.0,0.0,0,0,0.0,0.0,0.0,0,0,1,0
test,random_negative,0,1,MATCH,0.5,28827,googleplus,mikecorsini,mike corsini,mikecorsini,29006,twitter,mickeyns,miroszlav kostich,miroslavkostic,0.7935064935064935,0.36363636363636365,0.5263157894736843,0.6174136321195145,0.2941176470588235,0.41379310344827597,0.0,0.24651026725769043,0.0,0.0,0.0,0.0,0.0,0.0,0.0,0.9916666666666663,0.22769953051643194,0.05573302357097913,1,0,0,0,0.0,0.0,0.0,0.0,0.0,0.0,0.0,0.0,0.0,0.0,0,0,0.0,0.0,0.0,0,0,1,0
test,random_negative,0,1,MATCH,0.5,33762,googleplus,,,sonic010739,34973,twitter,dahlism,dahlism,timothydahl,0.0,0.0,0.0,0.0,0.0,0.0,0.0,0.17969052493572235,0.0,0.0,0.0,0.0,0.0,0.0,0.0,3.3333333333333335,0.0,0.0,1,1,0,1,0.0,0.0,0.0,0.0,0.0,0.0,0.0,0.0,0.0,0.0,1,1,0.08168084919452667,0.0,0.0,0,0,1,0
test,hard_negative,0,1,MATCH,0.5,36652,instagram,zaidilfirza,,zaidilfirza,36746,twitter,ziyad_hryz,,ziyadhryz,0.6595959595959596,0.2727272727272727,0.4761904761904761,1.0,1.0,1.0,0.0,0.11076555401086807,0.0,0.0,0.0,0.0,0.0,0.0,0.0,0.08498023715414948,0.9428571428571428,0.011255411255411248,2,0,0,0,0.0,0.0,0.0,0.0,0.0,0.0,0.0,0.0,0.0,0.0,0,0,0.0,0.0,0.0,0,0,1,0
test,hard_negative,0,1,MATCH,0.5,13068,instagram,tachila,,tachila,33449,twitter,taroshin225,,shintaroabe,0.6450216450216449,0.36363636363636365,0.4444444444444444,1.0,1.0,1.0,0.0,0.13474658131599426,0.0,0.0,0.0,0.0,0.0,0.0,0.0,1.333333333333333,0.5254237288135594,0.03225806451612903,2,1,0,1,0.0,0.0,0.0,0.0,0.0,0.0,0.0,0.0,0.0,0.0,1,1,0.08632925152778625,0.0,0.14492753623188404,0,0,1,0
test,hard_negative,0,1,MATCH,0.5,13068,instagram,tachila,,tachila,13101,twitter,teacupkitteh,,TeaCupKitteh,0.6349206349206349,0.33333333333333337,0.42105263157894735,1.0,1.0,1.0,0.0,0.025610268115997314,0.0,0.0,0.0,0.0,0.0,0.0,0.0,5.666666666666667,0.0,0.0,2,0,0,0,0.0,0.0,0.0,0.0,0.0,0.0,0.0,0.0,0.0,0.0,0,0,0.0,0.0,0.0,0,0,1,0
test,hard_negative,0,1,MATCH,0.5,12860,instagram,shellingz,,shellingz,31289,twitter,sharonoff,,psyko,0.5555555555555555,0.2222222222222222,0.33333333333333337,1.0,1.0,1.0,0.0,0.06121256202459335,0.0,0.0,0.0,0.0,0.0,0.0,0.0,5.75,0.0,0.038461538461538464,2,0,0,0,0.0,0.0,0.0,0.0,0.0,0.0,0.0,0.0,0.0,0.0,0,0,0.0,0.0,0.0,0,0,1,0
test,hard_negative,0,1,MATCH,0.5,12844,instagram,shawn2death,,shawn2death,33284,twitter,shaker909,,shaker909,0.6026936026936026,0.2727272727272727,0.4,1.0,1.0,1.0,0.0,0.34928297996520996,0.0,0.0,0.0,0.0,0.0,0.0,0.0,1.875,0.28,0.046857142857142854,2,0,0,0,0.0,0.0,0.0,0.0,0.0,0.0,0.0,0.0,0.0,0.0,0,0,0.0,0.0,0.0,0,0,1,0
test,hard_negative,0,1,MATCH,0.5,10589,twitter,ihnnno,,iHnnno,12072,instagram,infinity93,,nicksims,0.6,0.19999999999999996,0.375,1.0,1.0,1.0,0.0,1.0,0.0,0.0,0.0,0.0,0.0,0.0,0.0,0.0,1.0,0.0,2,1,0,1,0.0,0.0,0.0,0.0,0.0,0.0,0.0,0.0,0.0,0.0,0,0,0.0,0.0,0.0,0,0,1,0
test,hard_negative,0,1,MATCH,0.5,8679,twitter,zcochran88,,zacharycochran,36616,instagram,zacattac,,zacattac,0.5499999999999999,0.19999999999999996,0.33333333333333337,1.0,1.0,1.0,0.0,0.029536385089159012,0.0,0.0,0.0,0.0,0.0,0.0,0.0,6.8125,0.0,0.04032258064516129,2,1,0,1,0.0,0.0,0.0,0.0,0.0,0.0,0.0,0.0,0.0,0.0,0,0,0.0,0.0,0.0,0,0,1,0
test,hard_negative,0,1,MATCH,0.5,7277,twitter,takoba,,plane25,33448,instagram,taroshin225,,shintaroabe,0.5909090909090909,0.2727272727272727,0.3529411764705882,1.0,1.0,1.0,0.0,0.4721298813819885,0.0,0.0,0.0,0.0,0.0,0.0,0.0,2.166666666666667,0.18803418803418803,0.04856254856254856,2,0,0,0,0.0,0.0,0.0,0.0,0.0,0.0,0.0,0.0,0.0,0.0,0,0,0.0,0.0,0.0,0,0,1,0
test,hard_negative,0,1,MATCH,0.5,6755,twitter,mohamed_athabet,,mohamedathabet,29170,instagram,mohsinnaeem,,mohsinnaeem,0.6533910533910534,0.33333333333333337,0.4615384615384615,1.0,1.0,1.0,0.0,0.22319692373275757,0.0,0.0,0.0,0.0,0.0,0.0,0.0,6.0,0.0,0.0,2,0,0,0,0.0,0.0,0.0,0.0,0.0,0.0,0.0,0.0,0.0,0.0,0,0,0.0,0.0,0.0,0,0,1,0
test,hard_negative,0,1,MATCH,0.5,6519,twitter,shiibanee,,mawadashiba,33457,instagram,shogo_lee,,shogolee,0.6296296296296297,0.4444444444444444,0.4444444444444444,1.0,1.0,1.0,0.0,0.1997736394405365,0.0,0.0,0.0,0.0,0.0,0.0,0.0,7.0,0.22115384615384615,0.0681438127090301,2,0,0,0,0.0,0.0,0.0,0.0,0.0,0.0,0.0,0.0,0.0,0.0,0,0,0.0,0.0,0.0,0,0,1,0
test,hard_negative,0,1,MATCH,0.5,6519,twitter,shiibanee,,mawadashiba,12860,instagram,shellingz,,shellingz,0.6296296296296297,0.33333333333333337,0.4444444444444444,1.0,1.0,1.0,0.0,0.05513233691453934,0.0,0.0,0.0,0.0,0.0,0.0,0.0,1.75,0.25,0.0673076923076923,2,0,0,0,0.0,0.0,0.0,0.0,0.0,0.0,0.0,0.0,0.0,0.0,0,0,0.0,0.0,0.0,0,0,1,0
test,hard_negative,0,1,MATCH,0.5,10897,twitter,jimmyether,jimmy ether,jimmyether,30297,googleplus,jimmyhe,jimmy he,oracleblog,0.9114285714285714,0.7,0.8235294117647058,0.9204545454545455,0.7272727272727273,0.8421052631578947,0.0,0.3377155661582947,0.0,0.0,0.0,0.0,0.0,0.0,0.0,1.1388140161725069,0.2243436754176611,0.055375006347433094,1,0,0,0,0.0,0.0,0.0,0.0,0.0,0.0,0.0,0.0,0.0,0.0,0,0,0.0,0.0,0.0,0,0,1,0
test,hard_negative,0,1,MATCH,0.5,10896,instagram,jimmyether,jimmy ether,jimmyether,30297,googleplus,jimmyhe,jimmy he,oracleblog,0.9114285714285714,0.7,0.8235294117647058,0.9204545454545455,0.7272727272727273,0.8421052631578947,0.04921795252049452,0.18880091607570648,0.0,0.0,0.0,0.0,0.0,0.0,0.0,0.42452830188679247,0.3556085918854415,0.07486665278467428,0,0,0,0,0.0,0.0,0.0,0.0,0.0,0.0,0.0,0.0,0.0,0.0,0,0,0.0,0.0,0.0,0,0,1,0
test,hard_negative,0,1,MATCH,0.5,32575,instagram,rynobot,ryan ott,ryanott,32580,googleplus,ryanriot,ryan riot,ryanriot,0.8238095238095238,0.625,0.6666666666666667,0.9305555555555555,0.6666666666666667,0.8235294117647058,0.0,0.25764089822769165,0.0,0.0,0.0,0.0,0.0,0.0,0.0,0.19457013574660564,0.7844827586206896,0.0706707086017431,0,0,0,0,0.0,0.0,0.0,0.0,0.0,0.0,0.0,0.0,0.0,0.0,0,0,0.0,0.0,0.0,0,0,1,0
test,hard_negative,0,1,MATCH,0.5,9501,twitter,christopherlane,christopher lane,cdl,30195,googleplus,christopherdurham,christopher,ojdurham,0.9011764705882354,0.6470588235294117,0.75,0.9375,0.6875,0.814814814814815,0.0,0.17787066102027893,0.0,0.0,0.0,0.0,0.0,0.0,0.0,4.666666666666666,0.026737967914438502,0.0213903743315508,1,1,0,1,0.0,0.0,0.0,0.0,0.0,0.0,0.0,0.0,0.0,0.0,0,0,0.0,0.0,0.0,0,0,1,0
test,hard_negative,0,1,MATCH,0.5,6912,googleplus,christopherdlewis,christopher d lewis,newharpsichord,9500,instagram,christopherlane,cdl,cdl,0.9262745098039216,0.7058823529411764,0.8125,0.4619883040935673,0.1578947368421053,0.2727272727272727,0.0,-0.007103985175490379,0.0,0.0,0.0,0.0,0.0,0.0,0.0,5.7,0.046242774566473986,0.011560693641618497,0,0,0,0,0.0,0.0,0.0,0.0,0.0,0.0,0.0,0.0,0.0,0.0,0,0,0.0,0.0,0.0,0,0,1,0
test,hard_negative,0,1,MATCH,0.5,12746,instagram,antoniosastre,antonio sastre,sastre,35421,googleplus,antonisans,antoni sans,tsans,0.9184615384615384,0.6153846153846154,0.782608695652174,0.9246753246753247,0.6428571428571428,0.8,0.0,1.0,0.0,0.0,0.0,0.0,0.0,0.0,0.0,0.0,1.0,0.0,0,0,0,0,0.0,0.0,0.0,0.0,0.0,0.0,0.0,0.0,0.0,0.0,0,0,0.0,0.0,0.0,0,0,1,0
test,hard_negative,0,1,MATCH,0.5,4233,twitter,satriyojati,sj,dietsma,29218,instagram,satyajati,monika satyajati,monik,0.852104377104377,0.7272727272727273,0.8,0.5208333333333334,0.125,0.2222222222222222,0.0,0.27206775546073914,0.0,0.0,0.0,0.0,0.0,0.0,0.0,6.39047619047619,0.49586776859504134,0.025206611570247936,2,0,0,0,0.0,0.0,0.0,0.0,0.0,0.0,0.0,0.0,0.0,0.0,0,0,0.0,0.0,0.0,0,0,1,0
test,hard_negative,0,1,MATCH,0.5,2579,instagram,silvio_2005,silvio chiarabini,silvioc,4658,googleplus,silvioluciani,silvio luciani,franklav,0.668997668997669,0.46153846153846156,0.5,0.8959383753501401,0.5882352941176471,0.7741935483870968,0.0,0.1426554024219513,0.0,0.0,0.0,0.0,0.0,0.0,0.0,6.0,0.0,0.1,0,0,0,0,0.0,0.0,0.0,0.0,0.0,0.0,0.0,0.0,0.0,0.0,0,0,0.0,0.0,0.0,0,0,1,0
test,hard_negative,0,1,MATCH,0.5,1809,instagram,d13vk,daniel krueger,dankrueger,5914,googleplus,danielkraus,daniel kraus,krausdaniel,0.5272727272727272,0.18181818181818177,0.25,0.9095238095238095,0.6428571428571428,0.7692307692307692,0.07133343707833245,0.35278159379959106,0.0,0.0,0.0,0.0,0.0,0.0,0.0,0.10144927536231929,0.1906158357771261,0.04394315362057298,0,0,0,0,0.0,0.0,0.0,0.0,0.0,0.0,0.0,0.0,0.0,0.0,0,0,0.0,0.0,0.0,0,0,1,0
test,hard_negative,0,1,MATCH,0.5,32207,twitter,rockaz360,rodrigo silva,rockaz,32241,googleplus,rodrigoamm,rodrigo amm,rodrigoamem,0.5444444444444444,0.19999999999999996,0.3157894736842105,0.9020979020979021,0.6153846153846154,0.5833333333333333,0.0,0.27736496925354004,0.0,0.0,0.0,0.0,0.0,0.0,0.0,4.5,0.0,0.0,1,1,0,1,0.0,0.0,0.0,0.0,0.0,0.0,0.0,0.0,0.0,0.0,1,1,0.1615031361579895,0.1686746987951807,0.14634146341463417,0,0,1,0
test,hard_negative,0,1,MATCH,0.5,29838,googleplus,nicholasclark84,nicholas clark,nickclark,29896,instagram,nicolassalvador93,nicolas salvador,nicolassalvador,0.8028104575163398,0.47058823529411764,0.625,0.8558712121212121,0.5625,0.4666666666666666,0.0,0.12862995266914368,0.0,0.0,0.0,0.0,0.0,0.0,0.0,4.833333333333333,0.0,0.014388489208633094,0,0,0,0,0.0,0.0,0.0,0.0,0.0,0.0,0.0,0.0,0.0,0.0,0,0,0.0,0.0,0.0,0,0,1,0
test,hard_negative,0,1,MATCH,0.5,1753,instagram,chris_digitalphotos,christopher olewnik,christopherolewnik,30195,googleplus,christopherdurham,christopher,ojdurham,0.6381836945304438,0.3157894736842105,0.4444444444444444,0.9157894736842105,0.5789473684210527,0.7333333333333334,0.0,0.32919231057167053,0.0,0.0,0.0,0.0,0.0,0.0,0.0,0.833333333333333,0.5187165775401069,0.05592921329731518,0,0,0,0,0.0,0.0,0.0,0.0,0.0,0.0,0.0,0.0,0.0,0.0,0,0,0.0,0.0,0.0,0,0,1,0
test,hard_negative,0,1,MATCH,0.5,1994,googleplus,giulianodeluca,giuliano de luca,giulianodeluca,10394,instagram,gianluca,gianluca pezzi,gianlucapezzi,0.819047619047619,0.5714285714285714,0.7272727272727273,0.6071428571428571,0.25,0.5333333333333333,0.0,0.2142827808856964,0.0,0.0,0.0,0.0,0.0,0.0,0.0,5.173913043478261,0.0,0.06382978723404255,0,0,0,0,0.0,0.0,0.0,0.0,0.0,0.0,0.0,0.0,0.0,0.0,0,0,0.0,0.0,0.0,0,0,1,0
test,hard_negative,0,1,MATCH,0.5,3785,twitter,chrislopezjr,chris lopez jr,chrislopezjr,30195,googleplus,christopherdurham,christopher,ojdurham,0.8558823529411764,0.5294117647058824,0.6206896551724138,0.8922077922077922,0.5714285714285714,0.64,0.04811518270515855,0.35072994232177734,0.0,0.0,0.0,0.0,0.0,0.0,0.0,4.666666666666667,0.20588235294117646,0.01757066462948816,1,0,0,0,0.0,0.0,0.0,0.0,0.0,0.0,0.0,0.0,0.0,0.0,0,0,0.0,0.0,0.0,0,0,1,0
test,random_negative,0,1,MATCH,0.48148148148148145,1858,googleplus,dipayanbhattacharjee,dipayan bhattacharjee,dipayanbhattacharjee,10486,instagram,hasanharnett,hasan harnett,hasanharnett,0.6444444444444445,0.30000000000000004,0.4375,0.6384726384726385,0.33333333333333337,0.4705882352941176,0.05281332598408955,0.41714197397232056,0.0,0.0,0.0,0.0,0.0,0.0,0.0,0.0,0.944,0.05315254237288135,0,0,0,0,0.0,0.0,0.0,0.0,0.0,0.0,0.0,0.0,0.0,0.0,0,0,0.0,0.0,0.0,0,0,1,0
test,random_negative,0,1,MATCH,0.48148148148148145,2384,googleplus,neiltodd,neil todd,neiltodd,33859,instagram,staboada,samuel taboada,staboada,0.5833333333333334,0.125,0.375,0.6984126984126983,0.3571428571428571,0.5217391304347826,0.0,0.3514590561389923,0.0,0.0,0.0,0.0,0.0,0.0,0.0,0.5178571428571432,0.4666666666666667,0.010884353741496596,0,0,0,0,0.0,0.0,0.0,0.0,0.0,0.0,0.0,0.0,0.0,0.0,0,0,0.0,0.0,0.0,0,0,1,0
test,random_negative,0,1,MATCH,0.48148148148148145,2530,googleplus,ryanholder,ryan holder,ryanholder,2753,instagram,ykbryan,bryan chua,ykbryan,0.5738095238095239,0.09999999999999998,0.4705882352941176,0.7151515151515152,0.36363636363636365,0.38095238095238093,0.0,0.11979492753744125,0.0,0.0,0.0,0.0,0.0,0.0,0.0,1.083333333333333,0.18867924528301888,0.010691823899371067,0,0,0,0,0.0,0.0,0.0,0.0,0.0,0.0,0.0,0.0,0.0,0.0,0,0,0.0,0.0,0.0,0,0,1,0
test,random_negative,0,1,MATCH,0.48148148148148145,4193,twitter,neodacc,deusdit correa c,deusditcorreac,9650,instagram,corrincampbell,sgt corrin campbell,corrincampbell,0.6238095238095238,0.0714285714285714,0.19047619047619047,0.6549707602339181,0.26315789473684215,0.5142857142857142,0.008416813742412795,0.30362552404403687,0.0,0.0,0.0,0.0,0.0,0.0,0.0,0.04805491990846633,0.831081081081081,0.0499340804218853,2,1,0,1,0.0,0.0,0.0,0.0,0.0,0.0,0.0,0.0,0.0,0.0,0,0,0.0,0.0,0.0,0,0,1,0
test,random_negative,0,1,MATCH,0.48148148148148145,4989,twitter,higherthanpope,higher than pope,HigherThanPope,10050,instagram,egermano,bruno germano,egermano,0.6706349206349206,0.4285714285714286,0.5454545454545454,0.5157967032967034,0.125,0.3448275862068966,0.0,0.31890279054641724,0.0,0.0,0.0,0.0,0.0,0.0,0.0,1.5115384615384615,0.5071428571428571,0.020422535211267606,2,1,0,1,0.0,0.0,0.0,0.0,0.0,0.0,0.0,0.0,0.0,0.0,0,0,0.0,0.0,0.0,0,0,1,0
test,random_negative,0,1,MATCH,0.48148148148148145,5496,googleplus,joeprice77,joe price,joeprice77,12322,instagram,pittsburghric,ric fera,pittsburghric,0.39914529914529906,0.07692307692307687,0.34782608695652173,0.45833333333333326,0.11111111111111116,0.5882352941176471,0.0,0.032224759459495544,0.0,0.0,0.0,0.0,0.0,0.0,0.0,0.5,0.7227722772277227,0.0341787603417876,0,0,0,0,0.0,0.0,0.0,0.0,0.0,0.0,0.0,0.0,0.0,0.0,0,0,0.0,0.0,0.0,0,0,1,0
test,random_negative,0,1,MATCH,0.48148148148148145,6944,googleplus,nicolastafforeau,nicolas tafforeau,nicolastafforeau,29209,instagram,monicamoro,mnica moro,monicamoro,0.6172619047619047,0.25,0.4615384615384615,0.6735294117647058,0.3529411764705882,0.5185185185185186,0.0,0.41014790534973145,0.0,0.0,0.0,0.0,0.0,0.0,0.0,2.1032608695652177,0.7233009708737864,0.010425490323841793,0,0,0,0,0.0,0.0,0.0,0.0,0.0,0.0,0.0,0.0,0.0,0.0,0,0,0.0,0.0,0.0,0,0,1,0
test,random_negative,0,1,MATCH,0.48148148148148145,8009,twitter,stansher,stansher,stansher,33694,instagram,sobotisaris,aris sobotis,sobotis,0.6212121212121212,0.18181818181818177,0.42105263157894735,0.4305555555555556,0.08333333333333337,0.30000000000000004,0.09293523052503311,0.4890100359916687,0.0,0.0,0.0,0.0,0.0,0.0,0.0,1.5277777777777777,0.8062015503875969,0.03227489564698867,2,0,0,0,0.0,0.0,0.0,0.0,0.0,0.0,0.0,0.0,0.0,0.0,0,0,0.0,0.0,0.0,0,0,1,0
test,random_negative,0,1,MATCH,0.48148148148148145,8051,twitter,steven3x,steven lauren,steven3x,11388,instagram,laurenlemon,lauren randolph,laurenrandolph,0.43813131313131315,0.18181818181818177,0.3157894736842105,0.6207570207570208,0.2666666666666667,0.5714285714285714,0.0,0.1390727162361145,0.0,0.0,0.0,0.0,0.0,0.0,0.0,0.5181818181818185,0.41875,0.046548507462686566,2,0,0,0,0.0,0.0,0.0,0.0,0.0,0.0,0.0,0.0,0.0,0.0,0,0,0.0,0.0,0.0,0,0,1,0
test,random_negative,0,1,MATCH,0.48148148148148145,8248,googleplus,thomasgallagher,thomas gallagher,thomasgallagher,10487,twitter,hasanharnett,hasan harnett,hasanharnett,0.6333333333333333,0.33333333333333337,0.4444444444444444,0.640491452991453,0.25,0.41379310344827597,0.0,0.1720845252275467,0.0,0.0,0.0,0.0,0.0,0.0,0.0,8.1875,0.0,0.03424657534246575,1,0,0,0,0.0,0.0,0.0,0.0,0.0,0.0,0.0,0.0,0.0,0.0,0,0,0.0,0.0,0.0,0,0,1,0
test,random_negative,0,1,MATCH,0.48148148148148145,8262,googleplus,tiagoschrder,tiago schrder,tiagofernandes,9808,instagram,davegrichard,david gerzof richard,davidgerzof,0.611111111111111,0.25,0.5,0.6472027972027972,0.30000000000000004,0.36363636363636365,0.0,0.2604135274887085,0.0,0.0,0.0,0.0,0.0,0.0,0.0,4.333333333333333,0.0,0.03937007874015748,0,0,0,0,0.0,0.0,0.0,0.0,0.0,0.0,0.0,0.0,0.0,0.0,0,0,0.0,0.0,0.0,0,0,1,0
test,random_negative,0,1,MATCH,0.48148148148148145,8490,googleplus,veragavrilovic-vivaspygirl,vera gavrilovic,VivaSpyGirl,10777,twitter,jgabpothier,jeangabriel pothier,jeangabrielpothier,0.4254079254079255,0.1923076923076923,0.2702702702702703,0.6309941520467836,0.42105263157894735,0.5294117647058824,0.0,0.3570903539657593,0.0,0.0,0.0,0.0,0.0,0.0,0.0,0.2445820433436534,0.9230769230769231,0.025058275058275063,1,1,0,1,0.0,0.0,0.0,0.0,0.0,0.0,0.0,0.0,0.0,0.0,0,0,0.0,0.0,0.0,0,0,1,0
test,random_negative,0,1,MATCH,0.48148148148148145,12034,instagram,nayduarte,nay duarte,nayduarte,34898,twitter,tiffanyff,step,tiffanyff,0.40740740740740744,0.0,0.2222222222222222,0.0,0.09999999999999998,0.2857142857142857,0.0,0.2272026240825653,0.0,0.0,0.0,0.0,0.0,0.0,0.0,7.291666666666667,0.0,0.08080808080808081,2,1,0,1,0.0,0.0,0.0,0.0,0.0,0.0,0.0,0.0,0.0,0.0,1,1,0.0,0.22580645161290325,0.19672131147540983,0,0,1,0
test,random_negative,0,1,MATCH,0.48148148148148145,12101,twitter,nisoyasu,,nisoyasu,30090,googleplus,nicholasscalice,nicholas scalice,nscalice,0.6611111111111111,0.33333333333333337,0.43478260869565216,0.0,0.0,0.0,0.0,0.10250677168369293,0.0,0.0,0.0,0.0,0.0,0.0,0.0,29.249999999999996,0.5572139303482587,0.08928571428571429,1,0,0,0,0.0,0.0,0.0,0.0,0.0,0.0,0.0,0.0,0.0,0.0,0,0,0.0,0.0,0.0,0,0,1,0
test,random_negative,0,1,MATCH,0.48148148148148145,13457,twitter,wayneweatherred,wayne weatherred,wayneweatherred,35587,instagram,emri63,,urspamrein,0.4111111111111112,0.1333333333333333,0.19047619047619047,0.0,0.0,0.0,0.0,1.0,0.0,0.0,0.0,0.0,0.0,0.0,0.0,0.0,1.0,0.0,2,0,0,0,0.0,0.0,0.0,0.0,0.0,0.0,0.0,0.0,0.0,0.0,0,0,0.0,0.0,0.0,0,0,1,0
test,random_negative,0,1,MATCH,0.48148148148148145,30265,instagram,ongzb,,ongzb,34596,googleplus,telytelytely,tely tely tely,telytelytely,0.0,0.0,0.0,0.0,0.0,0.0,0.0,1.0,0.0,0.0,0.0,0.0,0.0,0.0,0.0,0.0,1.0,0.0,0,0,0,0,0.0,0.0,0.0,0.0,0.0,0.0,0.0,0.0,0.0,0.0,0,0,0.0,0.0,0.0,0,0,1,0
test,hard_negative,0,1,MATCH,0.48148148148148145,13101,twitter,teacupkitteh,,TeaCupKitteh,13112,instagram,tenp88,,tenp,0.5833333333333334,0.25,0.33333333333333337,1.0,1.0,1.0,0.0,0.047476012259721756,0.0,0.0,0.0,0.0,0.0,0.0,0.007462686567164179,8.0,0.0,0.029850746268656716,2,0,0,0,0.0,0.0,0.0,0.0,0.0,0.0,0.0,0.0,0.0,0.0,0,0,0.0,0.0,0.0,0,0,1,0
test,hard_negative,0,1,MATCH,0.48148148148148145,12860,instagram,shellingz,,shellingz,33284,twitter,shaker909,,shaker909,0.5555555555555555,0.2222222222222222,0.33333333333333337,1.0,1.0,1.0,0.0,0.08178278803825378,0.0,0.0,0.0,0.0,0.0,0.0,0.0,0.75,0.7428571428571429,0.018681318681318677,2,0,0,0,0.0,0.0,0.0,0.0,0.0,0.0,0.0,0.0,0.0,0.0,0,0,0.0,0.0,0.0,0,0,1,0
test,hard_negative,0,1,MATCH,0.48148148148148145,12844,instagram,shawn2death,,shawn2death,12861,twitter,shellingz,,shellingz,0.5353535353535354,0.18181818181818177,0.30000000000000004,1.0,1.0,1.0,0.0,0.04645884409546852,0.0,0.0,0.0,0.0,0.0,0.0,0.0,0.875,0.216,0.06696296296296296,2,0,0,0,0.0,0.0,0.0,0.0,0.0,0.0,0.0,0.0,0.0,0.0,0,0,0.0,0.0,0.0,0,0,1,0
test,hard_negative,0,1,MATCH,0.48148148148148145,7277,twitter,takoba,,plane25,13100,instagram,teacupkitteh,,TeaCupKitteh,0.5833333333333334,0.25,0.33333333333333337,1.0,1.0,1.0,0.0,0.11107367277145386,0.0,0.0,0.0,0.0,0.0,0.0,0.0,8.833333333333334,0.0,0.09401709401709402,2,0,0,0,0.0,0.0,0.0,0.0,0.0,0.0,0.0,0.0,0.0,0.0,0,0,0.0,0.0,0.0,0,0,1,0
test,hard_negative,0,1,MATCH,0.48148148148148145,7277,twitter,takoba,,plane25,13068,instagram,tachila,,tachila,0.6428571428571429,0.4285714285714286,0.4615384615384615,1.0,1.0,1.0,0.0,0.04525485634803772,0.0,0.0,0.0,0.0,0.0,0.0,0.0,3.166666666666667,0.5042735042735043,0.09401709401709402,2,0,0,0,0.0,0.0,0.0,0.0,0.0,0.0,0.0,0.0,0.0,0.0,0,0,0.0,0.0,0.0,0,0,1,0
test,hard_negative,0,1,MATCH,0.48148148148148145,2079,instagram,jaznet,,janankerstjerne,11553,twitter,jackrevelator,,lunamars,0.6581196581196581,0.3076923076923077,0.42105263157894735,1.0,1.0,1.0,0.0,0.16745269298553467,0.0,0.0,0.0,0.0,0.0,0.0,0.0,5.666666666666667,0.0,0.0,2,0,0,0,0.0,0.0,0.0,0.0,0.0,0.0,0.0,0.0,0.0,0.0,0,0,0.0,0.0,0.0,0,0,1,0
test,hard_negative,0,1,MATCH,0.48148148148148145,2311,instagram,margs,margaret,margaretodonoghue,11575,twitter,magiquemag,argaret,magbanda,0.6333333333333333,0.19999999999999996,0.4,0.9583333333333334,0.875,0.9333333333333332,0.0,0.022872749716043472,0.0,0.0,0.0,0.0,0.0,0.0,0.0,1.3055555555555554,0.2556390977443609,0.014374170720919947,2,0,0,0,0.0,0.0,0.0,0.0,0.0,0.0,0.0,0.0,0.0,0.0,0,0,0.0,0.0,0.0,0,0,1,0
