item_id,top_label,top_label_score,label_scores
aajain_twitter_0edeb0c9,,0,{}
aaronbavs_twitter_3b9f5946,,0,{}
abahgat_twitter_f1bec87b,,0,{}
abdisk_twitter_4ee88404,,0,{}
abdullawissam_twitter_d17b7cc4,,0,{}
abo1bs_twitter_7968cc9f,,0,{}
acanadianfoodie_twitter_543d0d94,,0,{}
acarrillo_twitter_b473fdbb,,0,{}
ackleysuicide_twitter_eded2b7b,,0,{}
actifirmskincare_twitter_5511e1bb,,0,{}
adambonham_twitter_8d6a11cf,,0,{}
adamcarlson_twitter_79550e24,,0,{}
adamchristianson_twitter_474807a7,,0,{}
adamthede_twitter_267c4d28,,0,{}
adamy_twitter_ab775900,,0,{}
adeanom_twitter_4a9ea9ca,,0,{}
adesyahlubis_twitter_48ee8726,,0,{}
adic_twitter_32d8689c,,0,{}
adilch_twitter_f4417316,,0,{}
adnansyed_twitter_7a684921,,0,{}
adrianalemus_twitter_7806cbbf,,0,{}
adrianatoriz_twitter_28da5437,,0,{}
adrianmanea_twitter_1b5f3781,,0,{}
adrianver_twitter_6e8363ea,,0,{}
adrienehughes_twitter_f062b830,,0,{}
adtyysf_twitter_cdccf90f,,0,{}
adventuresinc_twitter_d5d0ca36,,0,{}
aedaddy_twitter_ddaae308,,0,{}
af8ab_twitter_90df09e3,,0,{}
aferrandini_twitter_16b1d108,,0,{}
agawebdesign_twitter_41a9ba91,,0,{}
age_twitter_3fdbf86c,,0,{}
agustinamate_twitter_5397d21b,,0,{}
ahaportugal_twitter_3242ff12,,0,{}
ahh_twitter_67190685,,0,{}
ahmedhakim_twitter_198cd89d,,0,{}
aholub_twitter_a994bb00,,0,{}
ahoward_twitter_2401ec44,,0,{}
ahu_twitter_e0a9def8,,0,{}
aidandoyle_twitter_3e5c9966,,0,{}
aimeelane_twitter_bc247fb2,,0,{}
ajarn_twitter_089f6006,,0,{}
ajeyapaul_twitter_bf56335f,,0,{}
ajma_twitter_f09d2f7b,,0,{}
akronohiohomes_twitter_ef8ad1b4,,0,{}
al3_twitter_6adafb37,,0,{}
alainstephan_twitter_3e0bccc4,,0,{}
alancalvert_twitter_babb6e64,,0,{}
alandrew_twitter_c3502748,,0,{}
alannamiq_twitter_ddb3937d,,0,{}
alanndc_twitter_ff742cf0,,0,{}
alay_twitter_490e79e0,,0,{}
alberthathazi_twitter_45ec1397,,0,{}
albertocsaldamando_twitter_11820196,,0,{}
albertodowning_twitter_10688504,,0,{}
albertomarini_twitter_faeb8d67,,0,{}
albirabbit_twitter_ccfdc6c5,,0,{}
aldrintabay_twitter_7eaa4032,,0,{}
alefeldman_twitter_44ff9e5e,,0,{}
alejandroandher_twitter_dab32725,,0,{}
aleksanderdye_twitter_86be0d9d,,0,{}
alessandrasassi_twitter_1b1d18ec,,0,{}
alessandraturati_twitter_f8fb93f0,,0,{}
alessandrodilella_twitter_4ed353b7,,0,{}
aletrentin_twitter_0f46b893,,0,{}
alexanderposselt_twitter_77882ced,,0,{}
alexandrakozlova_twitter_5b31e644,,0,{}
alexandrunistor_twitter_1614d2ee,,0,{}
alexcowan_twitter_621acdd5,,0,{}
alexiakalfaian_twitter_d0ca43a9,,0,{}
alexreekie_twitter_c6889f8c,,0,{}
alexsablan_twitter_051ef681,,0,{}
alexstoica_twitter_bbc49f14,,0,{}
alexwisner_twitter_9afea3f7,,0,{}
alhasani_twitter_a96aba82,,0,{}
alice7vong_twitter_fd339204,,0,{}
alisamhughley_twitter_5c9f92b4,,0,{}
alisejohnson_twitter_0fe5ec95,,0,{}
alisonlehr_twitter_d49071c3,,0,{}
alixia88_twitter_11a800ac,,0,{}
alleliaspili_twitter_28cfc566,,0,{}
allenward_twitter_5ccee06d,,0,{}
alliebeau_twitter_2804d35f,,0,{}
allurazama_twitter_73d7185e,,0,{}
almowhed_twitter_c45a2e68,,0,{}
alneil_twitter_ba9cc75c,,0,{}
alopezxiv_twitter_0c6a1ab6,,0,{}
alqassimnakheel_twitter_9306e3f2,,0,{}
alsadekeen_twitter_2e160f1e,,0,{}
alvaroangulo_twitter_5f5bdab1,,0,{}
alvarodequeiroz_twitter_1e24ade1,,0,{}
alvaropascual84_twitter_704f65d7,,0,{}
alvarovalladares_twitter_ad13c2d6,,0,{}
alvinkclee_twitter_7f53fb5b,,0,{}
alyssawelch_twitter_6301db92,,0,{}
amaliorodriguez_twitter_a86e801a,,0,{}
amandablain_twitter_7ee6d79c,,0,{}
amandaloy_twitter_fad7c2e7,,0,{}
amandamcunningham_twitter_ba83152d,,0,{}
amandavo_twitter_ec7b1e46,,0,{}
amateurx_twitter_19b7c0ee,,0,{}
ambassadorbruny_twitter_4fb128d7,,0,{}
amberdavis_twitter_e64d2db4,,0,{}
amberhewitt_twitter_bd83478e,,0,{}
amerzdralovic_twitter_5b6d9083,,0,{}
amirabet_twitter_21c8f27b,,0,{}
amrinlong_twitter_5927d443,,0,{}
amyhadiastuti_twitter_a988038c,,0,{}
amyripplinger_twitter_34ea0c5b,,0,{}
amyrogers_twitter_5fb8cab2,,0,{}
amyturman_twitter_b6f8a71d,,0,{}
anamagal_twitter_83a2d531,,0,{}
anaparejayepes_twitter_e7233c23,,0,{}
anass_twitter_443f2560,,0,{}
anastasioskikidis_twitter_994028cd,,0,{}
anbi_twitter_4dc92c81,,0,{}
andira47_twitter_3b957b31,,0,{}
andolicious_twitter_2cb3ee08,,0,{}
andreaarden_twitter_62ad21f3,,0,{}
andreacastelli_twitter_8b1fae71,,0,{}
andreameneghini_twitter_d28c0c3d,,0,{}
andrearusky_twitter_2cba2bd8,,0,{}
andreashumala_twitter_8ef69dcc,,0,{}
andrescm_twitter_c67ee422,,0,{}
andrewjamesmorgan_twitter_bd6122d7,,0,{}
andrewnawoichik_twitter_e49c9e27,,0,{}
andrewweiser_twitter_6470d79c,,0,{}
andrewwilkins_twitter_4c1f905a,,0,{}
andrewyee_twitter_a7bdc128,,0,{}
andriatriv_twitter_7f378cf5,,0,{}
andyciordia_twitter_3617a74b,,0,{}
andywhyte_twitter_d6cdf502,,0,{}
anesanmiguel_twitter_0a5dc9b0,,0,{}
angelaball_twitter_2343e6f0,,0,{}
angelfrancia_twitter_8342048e,,0,{}
angelikalattner_twitter_513bb274,,0,{}
angelinamontanez_twitter_2611476e,,0,{}
anibaldelatorre_twitter_76c8fc64,,0,{}
anibalgoransky_twitter_0560b223,,0,{}
anitakilkenny_twitter_bbd94623,,0,{}
annamioni_twitter_23ea065e,,0,{}
annapfeiffer_twitter_651a1b12,,0,{}
annelaurejoliot_twitter_c46fc629,,0,{}
anoli_twitter_26ee2dff,,0,{}
anthonymaw_twitter_55d7788d,,0,{}
anthonystevven_twitter_a6515aab,,0,{}
anthonyvelazquez_twitter_0fcec8cc,,0,{}
antoninremond_twitter_c677a862,,0,{}
antoniodomingo_twitter_f5145330,,0,{}
antoniognassi_twitter_d8c8b3e8,,0,{}
antoniojcuevas_twitter_fbf299f8,,0,{}
antoniorodilla_twitter_4cca6b13,,0,{}
apedroza_twitter_315599f4,,0,{}
apetersen_twitter_166fc65e,,0,{}
apolorestaurante_twitter_7d136512,,0,{}
appleheadink_twitter_30b73000,,0,{}
aquatellus_twitter_b8bb9b18,,0,{}
aquilafare_twitter_19d7ef97,,0,{}
arahmahs_twitter_73151902,,0,{}
arcreyes_twitter_5e94c3f7,,0,{}
ariantifebi_twitter_658c510a,,0,{}
ariefbudisantoso_twitter_4fbfff42,,0,{}
ariefsatria_twitter_29378310,,0,{}
arlindopereira_twitter_8b57fc89,,0,{}
arnauoman_twitter_70d2510e,,0,{}
arnedevos_twitter_9a27b590,,0,{}
arqjlsm_twitter_bd7f351d,,0,{}
artesvisuales_twitter_3fe7bf3d,,0,{}
arthas_twitter_c3624ba6,,0,{}
artiedavis_twitter_248b89d2,,0,{}
arturogarrido_twitter_54cfa648,,0,{}
artwarriors_twitter_903b14a3,,0,{}
asamur_twitter_d931c2d9,,0,{}
asandre_twitter_7437f9e3,,0,{}
asbjornu_twitter_92180c6c,,0,{}
aschauerte_twitter_15bdf750,,0,{}
aseroff_twitter_e4e8e18a,,0,{}
asesino_twitter_7d420c17,,0,{}
ashisheth_twitter_fae33871,,0,{}
ashokkamal_twitter_fb798db2,,0,{}
ashreginaldevasco_twitter_c86140a5,,0,{}
asiace_twitter_470cebeb,,0,{}
asiergapa_twitter_618d65cd,,0,{}
assimtulba_twitter_416b16e1,,0,{}
astav_twitter_cac509bf,,0,{}
atahualpa_twitter_692b9bf5,,0,{}
atsoukalidis_twitter_8033150b,,0,{}
attila_twitter_b3280f04,,0,{}
audiohard_twitter_e20ce305,,0,{}
auliazahra_twitter_f0ad7f2d,,0,{}
austinhk_twitter_eac554d9,,0,{}
austrazubkovs_twitter_8c3c0dff,,0,{}
authenticseacoast_twitter_72552d39,,0,{}
avaarka_twitter_74d22c1e,,0,{}
avalon1982_twitter_6ca5decb,,0,{}
avatartravel_twitter_4056a625,,0,{}
avdrockr_twitter_a1eef6ad,,0,{}
avinashconda_twitter_d8ee2933,,0,{}
awkingkhan_twitter_ecb3d6a2,,0,{}
axknightroad_twitter_bf7b9815,,0,{}
axmai_twitter_6d0a036d,,0,{}
aymanrahouhi_twitter_58865cea,,0,{}
azzamalasfoor_twitter_82d36a19,,0,{}
bagusanugrah_twitter_6460cb1b,,0,{}
balexandre_twitter_ee35d228,,0,{}
balkurdi_twitter_a6a30be7,,0,{}
bandadanieis_twitter_9782f73a,,0,{}
banikaaron_twitter_1494f86e,,0,{}
bans_twitter_a3a192fc,,0,{}
barbaraparolini_twitter_e9f73914,,0,{}
barhatov_twitter_9cff258a,,0,{}
barneyallen_twitter_b15aa93c,,0,{}
barrett_twitter_2e240d4f,,0,{}
basarpatir_twitter_eafe4259,,0,{}
basemsal7_twitter_c63c4120,,0,{}
bassplayer83_twitter_08918665,,0,{}
bboylaba_twitter_2c769dc6,,0,{}
bdbrooker_twitter_ea880264,,0,{}
beapaxson_twitter_3831f31b,,0,{}
bearenok_twitter_62f57b55,,0,{}
beaumont_twitter_04555692,,0,{}
beauraines_twitter_f6b213d0,,0,{}
beautyluxury_twitter_4c712fa7,,0,{}
beerluver_twitter_3f6f2404,,0,{}
beichstaedt_twitter_6fd741b9,,0,{}
benfinch_twitter_f04e8c14,,0,{}
benitoroig_twitter_74872ce6,,0,{}
benjacobsen_twitter_2135f63a,,0,{}
benjamincole_twitter_5a3f07c7,,0,{}
benjaminyeurch_twitter_7b7d9301,,0,{}
benjsellers_twitter_fdf197b0,,0,{}
benkalsky_twitter_788d88b1,,0,{}
benlinders_twitter_28603ec5,,0,{}
benlizzotte_twitter_6dadff48,,0,{}
benlyh_twitter_3a594911,,0,{}
benoitdeclercq_twitter_ecdd46a2,,0,{}
bensonhendrix_twitter_6b42562f,,0,{}
berillium04_twitter_190c88d3,,0,{}
bertboerland_twitter_286b548b,,0,{}
bertdickerson_twitter_a9898ae9,,0,{}
bestnatesmithever_twitter_1d7d5960,,0,{}
betooliveira_twitter_d55ef943,,0,{}
betsyweber_twitter_d3dff905,,0,{}
bexlondontown_twitter_8636b455,,0,{}
beyoubrazil_twitter_ad1f0e62,,0,{}
bggarden_twitter_326f09eb,,0,{}
bidabooking_twitter_aa7567a0,,0,{}
billelsey_twitter_5814f951,,0,{}
billiambabble_twitter_8609b003,,0,{}
billlee_twitter_4ee8ac5b,,0,{}
billlublin_twitter_a70b31fc,,0,{}
billrousseau_twitter_f4b2878c,,0,{}
bioanarchism_twitter_206372ec,,0,{}
biverson_twitter_9a2b8909,,0,{}
blackxxxxxx_twitter_bfea4806,,0,{}
blairmosberg_twitter_e923d80e,,0,{}
bluebrain_twitter_f9c3f5f9,,0,{}
blueturtlefl_twitter_cb89dfc4,,0,{}
bobbibooker_twitter_5f0eae8b,,0,{}
bobbytravis_twitter_e46762b4,,0,{}
boffism_twitter_04350d57,,0,{}
bogohack_twitter_3a586a51,,0,{}
bolomik_twitter_7979e5a2,,0,{}
bookkeepergirl_twitter_eb8758c5,,0,{}
boostventilator_twitter_6259827c,,0,{}
booyabobby_twitter_c663c010,,0,{}
born2addiction_twitter_c70b245c,,0,{}
bornmannevan_twitter_2bbf660c,,0,{}
bpuga_twitter_cfe3902d,,0,{}
bradharvey_twitter_e5dafa7b,,0,{}
bradkoehn_twitter_2373c737,,0,{}
bradrussell_twitter_4337d051,,0,{}
bradwolff_twitter_d1a8ce9c,,0,{}
brandie_twitter_9ae27e65,,0,{}
brankko_twitter_ba0ef529,,0,{}
brefe_twitter_5ce60967,,0,{}
brendanberg_twitter_b0b8fe11,,0,{}
brendanoconnell_twitter_d3bdf78a,,0,{}
brettginsberg_twitter_3fd47014,,0,{}
brianayers_twitter_301efb45,,0,{}
briancsmith_twitter_fd243f2b,,0,{}
brianfarnham_twitter_b20a5ae1,,0,{}
brianfit_twitter_78e690a9,,0,{}
briankemm_twitter_4cafb878,,0,{}
briankurzweil_twitter_6dcee1ca,,0,{}
brianlucas_twitter_0029a561,,0,{}
brianmonroe_twitter_0d870819,,0,{}
briannagami_twitter_d995674e,,0,{}
brianskellie_twitter_b47e71c9,,0,{}
briantiede_twitter_f4eb1a91,,0,{}
brianwang_twitter_f80fb669,,0,{}
brittanyberger_twitter_fafd1913,,0,{}
brownsdon_twitter_6fe53f96,,0,{}
brucewise_twitter_2f553b6a,,0,{}
brunno_twitter_9b6a9245,,0,{}
brunoconte_twitter_a89c7d01,,0,{}
brunolaurosantos_twitter_8a716ca6,,0,{}
bryanmcanally_twitter_d3dddb06,,0,{}
bryanrapoza_twitter_be255d3b,,0,{}
bryans_twitter_7709146d,,0,{}
bryantcabrera_twitter_0f3137aa,,0,{}
bryanwelsh_twitter_57834f40,,0,{}
bscheckel_twitter_5f510043,,0,{}
btihin_twitter_883c4751,,0,{}
burovayulia_twitter_ef120fad,,0,{}
caelanhuntress_twitter_65f721c6,,0,{}
caitlingarzi_twitter_5c8de85e,,0,{}
caitlynbates_twitter_f479a375,,0,{}
calculatedstepz_twitter_e1211123,,0,{}
calebkinchlow_twitter_76d51bbc,,0,{}
calfn_twitter_615be962,,0,{}
calistoga_twitter_780e5c7e,,0,{}
calitoe_twitter_d9d9c8fd,,0,{}
calvia_twitter_ae151315,,0,{}
camillek_twitter_141eee87,,0,{}
camillerodriquez_twitter_49cf2eee,,0,{}
camillevanneer_twitter_8092d25c,,0,{}
camiloathem_twitter_7abaf108,,0,{}
campervan_twitter_0e961c09,,0,{}
cancunstudios_twitter_854fa98d,,0,{}
capitu_twitter_12d37449,,0,{}
caravanacreativa_twitter_51f26755,,0,{}
carlarozman_twitter_2a5e352b,,0,{}
carlayashiro_twitter_bb547c88,,0,{}
carlescabrer_twitter_2eea5647,,0,{}
carlospl_twitter_ea765a41,,0,{}
carlycasper_twitter_1a14e789,,0,{}
carlydamico_twitter_c4192cee,,0,{}
carmenmg5_twitter_2c305a72,,0,{}
carolyncummins_twitter_6955b25f,,0,{}
carovillalva_twitter_2801aeea,,0,{}
carriebisme_twitter_429cd920,,0,{}
carsonbelinda_twitter_84227a7e,,0,{}
carstenlange_twitter_856412cb,,0,{}
carstenpaetz_twitter_fa72e20c,,0,{}
castellani_twitter_7685121c,,0,{}
castlecruz_twitter_4e35cd74,,0,{}
catarinavarao_twitter_52dd9490,,0,{}
catchtorolav_twitter_8b9bd823,,0,{}
catinamurillo_twitter_a5bee91f,,0,{}
catturner_twitter_6111ca3b,,0,{}
cavdan_twitter_ff812e57,,0,{}
cblack_twitter_ab567e36,,0,{}
cecilialiao_twitter_8114c50f,,0,{}
cecilyarambula_twitter_6d59bf95,,0,{}
celebquote_twitter_d7d850f3,,0,{}
celebrone_twitter_653b77af,,0,{}
celiooliveira_twitter_2b50466d,,0,{}
cemtozar_twitter_5a8c30a1,,0,{}
chadnewman_twitter_2bb9c94c,,0,{}
chammccutchen_twitter_bdc83149,,0,{}
charlablue_twitter_af8d2706,,0,{}
charlielujan_twitter_e3d71bfe,,0,{}
charliemac_twitter_6eb445af,,0,{}
charyshed_twitter_04a093f2,,0,{}
cheeseberger_twitter_34af91d4,,0,{}
chekostyle_twitter_8a3ddbf1,,0,{}
chelseastark_twitter_7ed870e1,,0,{}
chertanchico_twitter_5096f5c5,,0,{}
chiarapis_twitter_1cb5831f,,0,{}
chitraagrawal_twitter_24d02a87,,0,{}
chonilla_twitter_d46bd2f9,,0,{}
chrisastall_twitter_eaa83c0b,,0,{}
chrischass_twitter_f47d1a66,,0,{}
chrisdate_twitter_391a1303,,0,{}
chrisdscottphoto_twitter_aad91686,,0,{}
chrisgiddens_twitter_7c83a65e,,0,{}
chrishartley_twitter_d9e20805,,0,{}
chrislittler_twitter_99e41bae,,0,{}
chrismontoya_twitter_90b253a4,,0,{}
chrisparkin_twitter_985edc2b,,0,{}
chrispenny_twitter_2fae5cd4,,0,{}
christiancalvino_twitter_bb6b0e90,,0,{}
christiankoestlin_twitter_a31e1fdc,,0,{}
christianperez_twitter_2299dbb0,,0,{}
christiepingvin_twitter_2ef3aeae,,0,{}
christinalauren_twitter_dca05357,,0,{}
christinehauer_twitter_673671a3,,0,{}
christinema_twitter_e6ee255a,,0,{}
christophelaurent_twitter_b8e10d8b,,0,{}
christopherbornstein_twitter_f6263ad1,,0,{}
christopherdavidkaufman_twitter_0f38535d,,0,{}
christopherhyde_twitter_97ce18ac,,0,{}
christopherichert_twitter_3527d14e,,0,{}
christopherspiewak_twitter_f754e7ef,,0,{}
chriswright_twitter_48f04754,,0,{}
chrisyoungdesign_twitter_2e8e1a45,,0,{}
chromjuwelen_twitter_44aace3c,,0,{}
cimet_twitter_d6861d2a,,0,{}
cintiamcr_twitter_05632c7c,,0,{}
cjeam_twitter_4fcdd4ff,,0,{}
ckassociati_twitter_cfea6260,,0,{}
claireisabel_twitter_00ed0ba9,,0,{}
clairewickenden_twitter_de78478c,,0,{}
claudiogiulio_twitter_81f48d78,,0,{}
claudiogonzalo_twitter_f3fc1513,,0,{}
clayton21_twitter_19bfbdc8,,0,{}
clintmccollum_twitter_ea226b12,,0,{}
cnicely_twitter_d947add4,,0,{}
coachnicole_twitter_45569184,,0,{}
coastermedia_twitter_fc01adea,,0,{}
codyo_twitter_af540ffe,,0,{}
colinmaddox_twitter_bac44134,,0,{}
colinmilligan_twitter_98b5da65,,0,{}
colinolford_twitter_dbc11135,,0,{}
colleenburns_twitter_64c360cc,,0,{}
condottasuite_twitter_20305e8c,,0,{}
conorgilmer_twitter_a284faa0,,0,{}
conradomacalossi_twitter_3f8d1cb0,,0,{}
constanceruppender_twitter_a330ea1b,,0,{}
consuelogandia_twitter_e80fad7f,,0,{}
coreyjo_twitter_15edcb16,,0,{}
corgimas_twitter_dc6ee838,,0,{}
corporatephotographer_twitter_e1f7bcef,,0,{}
countup_twitter_061dff35,,0,{}
cousindirk_twitter_f854ebf0,,0,{}
craigansell_twitter_80828ec5,,0,{}
craigdeakin_twitter_a9f984ec,,0,{}
cranesitearo_twitter_5e50cfd4,,0,{}
cris33_twitter_a30384ae,,0,{}
cristianmarimon_twitter_16bf4380,,0,{}
cristianovalim_twitter_26819ccb,,0,{}
cristinac_twitter_1d2519b8,,0,{}
cristinadirnea_twitter_ab35335a,,0,{}
croome_twitter_08dfdb29,,0,{}
crossleykim_twitter_bb6d297f,,0,{}
crowdini_twitter_285c305f,,0,{}
cskonsol_twitter_cc840591,,0,{}
csrollyson_twitter_12c8b63d,,0,{}
currobarrena_twitter_5b486596,,0,{}
curtiscavanaugh_twitter_16042cb7,,0,{}
curtisguise_twitter_bcc48f02,,0,{}
customfitonline_twitter_1717b755,,0,{}
cyclofiend_twitter_cc720166,,0,{}
cyko_twitter_d5f5c749,,0,{}
cynthiakseymour_twitter_a5bef8d5,,0,{}
daeglo_twitter_21cd683f,,0,{}
daeshinkim_twitter_05a93018,,0,{}
daimanuel_twitter_d369544c,,0,{}
dalereynolds_twitter_583a22fc,,0,{}
dallasfoodie_twitter_6cd58621,,0,{}
damianopovoleri_twitter_63ed9f56,,0,{}
danacosta_twitter_c80f1786,,0,{}
danajones_twitter_c8e78cf5,,0,{}
danbeazley_twitter_8bd3cb42,,0,{}
danbrown_twitter_5e560c3d,,0,{}
dancondon_twitter_3fb350f7,,0,{}
dandydanno_twitter_ef12be32,,0,{}
danehartwell_twitter_55c96988,,0,{}
danielabutcu_twitter_7d4b625d,,0,{}
danielcaceres_twitter_9af3b8da,,0,{}
danielebazzano_twitter_19b02179,,0,{}
danieledler_twitter_41d3d564,,0,{}
danielemoggia_twitter_87fe0fcc,,0,{}
daniellekogan_twitter_3137e165,,0,{}
danielmoreno_twitter_0eb29f76,,0,{}
danielrdossantos_twitter_1e6d964f,,0,{}
danielscott_twitter_7b207443,,0,{}
danieltaylor_twitter_a7eb9594,,0,{}
daniiloros_twitter_1b7fc941,,0,{}
danilojrr_twitter_3393482a,,0,{}
dannybooty_twitter_7807c270,,0,{}
dannyj_twitter_fa0ffae7,,0,{}
dannyngan_twitter_47a10694,,0,{}
danpancamo_twitter_33361335,,0,{}
danweese_twitter_b5c73ac6,,0,{}
danzenbinos_twitter_b356a406,,0,{}
daphnecheung_twitter_066f0253,,0,{}
daphnemaia_twitter_7a44e1c8,,0,{}
dargadgetz_twitter_cbf72175,,0,{}
dari0_twitter_ea3c410f,,0,{}
darleenepowells_twitter_174e051d,,0,{}
darraghdoyle_twitter_e307fd7a,,0,{}
darrenlawson_twitter_ac20bd72,,0,{}
darrent_twitter_68c4e428,,0,{}
darrenwoolley_twitter_f6bb37d4,,0,{}
darrylpropp_twitter_0168deaf,,0,{}
darrymorales_twitter_7904179d,,0,{}
dashable_twitter_d63199fa,,0,{}
daveballesteros_twitter_9911bb49,,0,{}
davecornthwaite_twitter_669fd37e,,0,{}
davefernandez_twitter_965d60af,,0,{}
davefrost_twitter_4857b9aa,,0,{}
davegoodman_twitter_f5edb1d1,,0,{}
daveknight_twitter_08e16d31,,0,{}
davekyte_twitter_8e739e78,,0,{}
davidadams_twitter_f5739526,,0,{}
davidbird_twitter_6d8b869c,,0,{}
davidcardona_twitter_e87a87f5,,0,{}
davidcorpuz_twitter_31ba3e62,,0,{}
davideesposto_twitter_155bc801,,0,{}
davidegrassi_twitter_16ea7565,,0,{}
davidessex_twitter_08e9d009,,0,{}
davidfernando_twitter_35df02d1,,0,{}
davidhartlcz_twitter_971ffbaf,,0,{}
davidhousholder_twitter_ec9529cf,,0,{}
davidleebiz_twitter_bb80b4af,,0,{}
davidlewismd_twitter_078ef74d,,0,{}
davidmerinas_twitter_44e6f2c3,,0,{}
davidmichaelwynne_twitter_1e919770,,0,{}
davidparmet_twitter_c1b1ea41,,0,{}
davidramirezordonez_twitter_960792e0,,0,{}
davidredelberger_twitter_85f266d5,,0,{}
davidsmcnamara_twitter_50df5f9a,,0,{}
davidvidorreta_twitter_fdd2fc66,,0,{}
davidweaver_twitter_c4e8662d,,0,{}
davispaul_twitter_06b1e068,,0,{}
dawnnewton_twitter_689f2268,,0,{}
daynah_twitter_4ebf57dd,,0,{}
dayveeka_twitter_f1fd7dd7,,0,{}
dazeofadventure_twitter_a026ece0,,0,{}
dbhaffey_twitter_2b48ac41,,0,{}
dciandy_twitter_5eeffa89,,0,{}
deabaria_twitter_ca5f4029,,0,{}
deanmarsden_twitter_2282393e,,0,{}
deanwormell_twitter_d8a5addc,,0,{}
deaydre_twitter_ad8d4d92,,0,{}
debbiegioquindo_twitter_c441f559,,0,{}
deborahpagliuca_twitter_e09335ef,,0,{}
dedicatedshep_twitter_8ab189e1,,0,{}
deepeshmd_twitter_640a6027,,0,{}
deflemonkid_twitter_0e653e8f,,0,{}
defyrecordings_twitter_48fe0fd6,,0,{}
delcoursolutions_twitter_aff8b44a,,0,{}
delgeronimo_twitter_4764d08d,,0,{}
denikasep_twitter_01c54f23,,0,{}
denisdoeland_twitter_78fe7afa,,0,{}
denisdubois_twitter_eebb382f,,0,{}
dennissmith_twitter_38d5aeeb,,0,{}
derekameyer_twitter_333d03ff,,0,{}
derekfromson_twitter_d09c64c2,,0,{}
derekmcclain_twitter_f0330ee8,,0,{}
derekrstewart_twitter_42ae9ed0,,0,{}
designergna_twitter_3e37fa1f,,0,{}
det_twitter_146cc4e8,,0,{}
developer71facebookgarygilstrap_twitter_734f35dc,,0,{}
developit_twitter_101a5bec,,0,{}
dewitopia_twitter_35e0a569,,0,{}
deya_twitter_e8aefea4,,0,{}
deydos_twitter_1dd3fcf0,,0,{}
dezelquillen_twitter_2692dfd8,,0,{}
dezydelima_twitter_5a390cc6,,0,{}
dheras_twitter_41bab982,,0,{}
dianaantholis_twitter_c160d10e,,0,{}
dianemueller_twitter_38e29cb7,,0,{}
diavianjacob_twitter_14603c8d,,0,{}
dibusydeabus_twitter_be9606fc,,0,{}
diegofunaro_twitter_78e8c37c,,0,{}
diegomanule_twitter_581873e7,,0,{}
dieterpeeters_twitter_1b4053d2,,0,{}
dimyume_twitter_ee158cea,,0,{}
divaka_twitter_efa86dab,,0,{}
divanotrite_twitter_b4bba3f1,,0,{}
djduncan_twitter_80542429,,0,{}
djemiliot_twitter_721ba2df,,0,{}
djquietstorm_twitter_ca5bb7de,,0,{}
djthedoctor_twitter_acf0bd78,,0,{}
dkakaiya_twitter_5abbc578,,0,{}
dlosuna_twitter_a4bbb25c,,0,{}
dmjoaoigor_twitter_5255b0cf,,0,{}
dnay_twitter_b7855b18,,0,{}
doanttran_twitter_b4c51a82,,0,{}
docouto_twitter_05278e0f,,0,{}
doctorparadox_twitter_307d3001,,0,{}
dolmisani_twitter_6fd452b3,,0,{}
dolphinsmind_twitter_29ffa7f7,,0,{}
dominicfuchs_twitter_3dd46828,,0,{}
dominiquedesrosiers_twitter_491b580b,,0,{}
domusauditoirum_twitter_0da830f7,,0,{}
domynatrix_twitter_39f16bb2,,0,{}
donanela_twitter_53570524,,0,{}
donatellotrisolino_twitter_228b2167,,0,{}
donkomo_twitter_ab97d4e6,,0,{}
donmik_twitter_57ef4d09,,0,{}
dontpose_twitter_e74e011e,,0,{}
dorahardy_twitter_be7955e9,,0,{}
dorothylovy_twitter_b7630072,,0,{}
dorsetscouser_twitter_5b0e44c8,,0,{}
dotsilicon_twitter_b88e6752,,0,{}
dougfrancis_twitter_7179cfd3,,0,{}
doughiltz_twitter_1617e4a6,,0,{}
dppschoenmaker_twitter_71559a68,,0,{}
drchrisstout_twitter_1f3b1e75,,0,{}
dreammm_twitter_4454b8d9,,0,{}
dreaprieto_twitter_d7289e52,,0,{}
drewalanbeaty_twitter_7c9415db,,0,{}
drseisenberg_twitter_5710be4b,,0,{}
dubecarlos_twitter_8b1ab165,,0,{}
dustinhershberger_twitter_f9f3f530,,0,{}
dwanellington_twitter_54c856c9,,0,{}
dwymonster_twitter_95ee518d,,0,{}
dygrafi_twitter_e4203246,,0,{}
dyzisaboy_twitter_68cb24bb,,0,{}
eamrselim_twitter_e64b635f,,0,{}
earthxplorer_twitter_d2164e6e,,0,{}
ebaechler_twitter_13a3e0ec,,0,{}
eboniife_twitter_6ba529bb,,0,{}
edersonsandre_twitter_40a51b70,,0,{}
edesonsouza_twitter_47d98416,,0,{}
edmondwong_twitter_20b3e730,,0,{}
edna_twitter_4043f2e2,,0,{}
edsafin_twitter_48e6c4fe,,0,{}
edscanlan_twitter_e8fd8f8e,,0,{}
eduardohernandezcamacho_twitter_fbab3acb,,0,{}
edwardanton_twitter_8023d850,,0,{}
edwardloh_twitter_1b11869b,,0,{}
efelippe_twitter_1e6d0fd4,,0,{}
ehrok_twitter_741402f9,,0,{}
ekafri_twitter_a931dc2e,,0,{}
ekapol_twitter_ab7e2c2e,,0,{}
ekiafoto_twitter_1e9f8267,,0,{}
eladbs_twitter_c25597cb,,0,{}
elbisnet_twitter_0ddd1727,,0,{}
elchaninovstar_twitter_65d649b4,,0,{}
elenakalis_twitter_2b609fb2,,0,{}
elenamanzini_twitter_0e10cd47,,0,{}
elenaperez_twitter_8babbb0b,,0,{}
elenavelez_twitter_67cd0a55,,0,{}
elerick_twitter_ff138f25,,0,{}
elfolen_twitter_4781ed1e,,0,{}
elianaca_twitter_65ffe607,,0,{}
eliazu_twitter_d4a4006b,,0,{}
eliezerdiaz_twitter_dfee71a0,,0,{}
elisapicchiotti_twitter_9381e60a,,0,{}
eliut_twitter_7bac7c25,,0,{}
elki_twitter_62538ef3,,0,{}
ellaclawley_twitter_429a8e4e,,0,{}
elleiconlee_twitter_652343f4,,0,{}
elleneinkauf_twitter_01a81fcd,,0,{}
elliepotts_twitter_be65f5ba,,0,{}
elmo_twitter_1eb34faf,,0,{}
elreptar_twitter_32877a18,,0,{}
elsander_twitter_cab25f9f,,0,{}
eltounsi54_twitter_4af903d0,,0,{}
emanuelepapi_twitter_60a25b6d,,0,{}
emiarai_twitter_cb588b6f,,0,{}
emiliofolgar_twitter_8edc8e4e,,0,{}
emiloberg_twitter_992fa3db,,0,{}
emilymulle_twitter_868c94b0,,0,{}
emimatsushita_twitter_f5f1cd7b,,0,{}
emmaruthbeer_twitter_376b09f0,,0,{}
emredjan_twitter_9d19ee46,,0,{}
enricodemitri_twitter_a75b39d8,,0,{}
enricorossomando_twitter_a860ca72,,0,{}
enricvega_twitter_57fe68e7,,0,{}
enzomartinez_twitter_6199899f,,0,{}
eole_twitter_390fd9f1,,0,{}
eonsmiami_twitter_9e7024a6,,0,{}
epuertas_twitter_3417f0b6,,0,{}
erdelcroix_twitter_85f7e392,,0,{}
erdemtuzen_twitter_51c05135,,0,{}
erdisi_twitter_40c83189,,0,{}
erdo_twitter_28274a51,,0,{}
ericalynnyoung_twitter_d1ada060,,0,{}
ericastella_twitter_65e57743,,0,{}
ericavirtue_twitter_35629972,,0,{}
ericbreece_twitter_f88de7f8,,0,{}
ericepetersen_twitter_3c09a486,,0,{}
ericlaurie_twitter_dfa7170f,,0,{}
ericnojimd_twitter_cdd4246f,,0,{}
erikaperugachi_twitter_6467d161,,0,{}
erikdehkhoda_twitter_8e296b66,,0,{}
erikmacpherson_twitter_c75dc507,,0,{}
erikpt_twitter_a14c13bd,,0,{}
erinlambert_twitter_13697f3c,,0,{}
erinslick_twitter_455becfe,,0,{}
erwinhuang_twitter_6251b934,,0,{}
eryk_twitter_cfd060f6,,0,{}
esmeraldabeautylounge_twitter_41e8c875,,0,{}
estibalizcamara_twitter_5af63bde,,0,{}
etthompson_twitter_644d7896,,0,{}
eugenemartinez_twitter_929ca641,,0,{}
eurekatek_twitter_d9cfdf02,,0,{}
evandroarruda_twitter_67971377,,0,{}
evandrooliveira_twitter_215a503f,,0,{}
evandrosudre_twitter_b0259bf4,,0,{}
evanschikarakara_twitter_c43af1c0,,0,{}
fabianoalmeida_twitter_abca7bca,,0,{}
fabienadouani_twitter_4d7cb7ac,,0,{}
fabioj_twitter_10af93ff,,0,{}
fabiolottino_twitter_695eef72,,0,{}
fabrymondino_twitter_cb82274d,,0,{}
fahads_twitter_157899b9,,0,{}
faisalkhatib_twitter_eff04a89,,0,{}
falana_twitter_76e40761,,0,{}
fardeen_twitter_8a844baf,,0,{}
fayeoakey_twitter_64978196,,0,{}
fdavid_twitter_ab98504e,,0,{}
fedsimonetti_twitter_64ff91b6,,0,{}
feixiao_twitter_171b62c2,,0,{}
felicelam_twitter_bd034eeb,,0,{}
ferminpeluqueros_twitter_b4e93176,,0,{}
fernandabh_twitter_8313d345,,0,{}
fernandezdjr_twitter_1ea2a3da,,0,{}
fernandoamezrafael_twitter_4e10115a,,0,{}
fernandoescudero_twitter_88e3a7f9,,0,{}
fernandogallardo_twitter_5e6cc5af,,0,{}
ferrodino_twitter_aff22ad0,,0,{}
fethiyegolgesiz_twitter_a51d650d,,0,{}
fig_twitter_39b9bfbe,,0,{}
finchfm_twitter_df282868,,0,{}
fionagraham_twitter_9efc63ec,,0,{}
firasbenhamida_twitter_09440163,,0,{}
fireos_twitter_d68e6c7f,,0,{}
firnas_twitter_51146571,,0,{}
fitbodylife_twitter_a3483d3c,,0,{}
fixelzero_twitter_22edb68c,,0,{}
fjd_twitter_a9f8971d,,0,{}
fleurmcgerr_twitter_eb0d7e0f,,0,{}
flickeringember_twitter_de4aac5d,,0,{}
flxbarth_twitter_e65d57e6,,0,{}
flyzipper_twitter_32fd069a,,0,{}
fmmor_twitter_e7b9519a,,0,{}
fmrcastro_twitter_48a4960d,,0,{}
followsound_twitter_c0aa49aa,,0,{}
forevaimagescom_twitter_bcc3df80,,0,{}
fotokiosk_twitter_d3f56001,,0,{}
fotolory_twitter_ac569fbf,,0,{}
fozterz_twitter_44160537,,0,{}
fposati_twitter_98ee18b5,,0,{}
fraidy_twitter_741bfa1a,,0,{}
francescacampigli_twitter_5a5f0e56,,0,{}
francescoalbano_twitter_1bb78100,,0,{}
francescodendi_twitter_5edced70,,0,{}
francescodilillo_twitter_7ce9ceb9,,0,{}
francescomeani_twitter_be402cc1,,0,{}
frankcarter_twitter_40f4e7d8,,0,{}
frankneulichedl_twitter_ee6c564c,,0,{}
franko_twitter_a1d5dda8,,0,{}
frankpeter_twitter_fe0028b8,,0,{}
frankrodriguez_twitter_d178fc5f,,0,{}
franktraylor_twitter_e0f399de,,0,{}
frankt_twitter_2a3e20c4,,0,{}
frankyhp_twitter_f8304b94,,0,{}
fransiskusariesa_twitter_b7534b52,,0,{}
franziskakaterbaum_twitter_082881fb,,0,{}
frayser_twitter_a6b4d55d,,0,{}
frederickpolk_twitter_431fd50c,,0,{}
fredriclandqvist_twitter_934a7749,,0,{}
frijal_twitter_9899d705,,0,{}
frogdiva_twitter_2c9b201c,,0,{}
frosch03_twitter_d50400f7,,0,{}
fsy_twitter_b350e7bd,,0,{}
ftrujillo_twitter_12ec65ef,,0,{}
fullo_twitter_a1093260,,0,{}
fulltime_twitter_2333e77c,,0,{}
funkycoda_twitter_01c5ba04,,0,{}
fuzzy_twitter_b150a76a,,0,{}
gabi_twitter_6c0c5fae,,0,{}
gailgabrielle_twitter_0c4d4656,,0,{}
gailobannon_twitter_0f2b7f25,,0,{}
galobaro_twitter_13feb392,,0,{}
galobart_twitter_ca32a55a,,0,{}
ganant_twitter_1ae9c07d,,0,{}
garthsmitman_twitter_311d8bd8,,0,{}
garwinlu_twitter_d8d69dd9,,0,{}
garyacers_twitter_386bbb86,,0,{}
garyreed_twitter_3e88da9b,,0,{}
gastonsz_twitter_3d1cb75b,,0,{}
gavsouthern_twitter_6195cc35,,0,{}
gcardona_twitter_0d5787da,,0,{}
gege2ge_twitter_4611871a,,0,{}
gemmaphelan_twitter_9ab09ba7,,0,{}
gemsmaquillage_twitter_b1324236,,0,{}
genosbil_twitter_d821c790,,0,{}
gentra_twitter_e21a095f,,0,{}
georgedearing_twitter_f3f64de2,,0,{}
georgeferris_twitter_fb2b16a0,,0,{}
georginalester_twitter_00258c5c,,0,{}
gerhardheinrich_twitter_ec49bb26,,0,{}
germanogurgel_twitter_9d49436a,,0,{}
germer_twitter_4f47b309,,0,{}
gerty_twitter_2fc132b6,,0,{}
ghholtphotography_twitter_91143b56,,0,{}
giacomoardesi_twitter_d0be852a,,0,{}
giamarcs_twitter_60d36895,,0,{}
giants5go5go5_twitter_3f5f6f89,,0,{}
gilbertmc_twitter_a8082f45,,0,{}
ginsonspeich_twitter_52190e4e,,0,{}
giorgiopapallo_twitter_33278151,,0,{}
giovaniricciardi_twitter_377c37a0,,0,{}
giovinator_twitter_f8dc7b50,,0,{}
giraudkd_twitter_9f9de9fe,,0,{}
gisanders_twitter_e229cd56,,0,{}
giselabeer_twitter_d2e3c760,,0,{}
giulianoabate_twitter_1b4a323f,,0,{}
giuseppeazzaro_twitter_ca961781,,0,{}
gladtrejo_twitter_16871844,,0,{}
gleamland_twitter_4031e865,,0,{}
glemak_twitter_9e2b3b26,,0,{}
glennthorpe_twitter_d64e04f0,,0,{}
glfreelancegraphic_twitter_4d9e0da8,,0,{}
globalpatriot_twitter_58c079b1,,0,{}
globomarketing_twitter_d3f6645a,,0,{}
gmlumpy_twitter_558eadb3,,0,{}
gmpentaxfan_twitter_c5c5362e,,0,{}
goace_twitter_81a47054,,0,{}
godivaartstudio_twitter_564d55a6,,0,{}
gomayara_twitter_080f01cf,,0,{}
gonzalodroguett_twitter_d445103d,,0,{}
gonzalofera_twitter_5149854d,,0,{}
goodboyroy_twitter_1e280bef,,0,{}
gordsellar_twitter_ddf0c13c,,0,{}
gorguito_twitter_8b1f8e67,,0,{}
gosiabem_twitter_31daa85b,,0,{}
gotnur_twitter_a141058d,,0,{}
gozdebalkan_twitter_e302cab2,,0,{}
gracemassalanglois_twitter_5e2c0bcd,,0,{}
greengeedivan_twitter_8ab2557c,,0,{}
gregcarley_twitter_2ba8b01e,,0,{}
greghyer_twitter_22ec54ac,,0,{}
gregmcbride_twitter_7ec23311,,0,{}
gregthurtle_twitter_3c3740d4,,0,{}
grisoni77_twitter_097377ed,,0,{}
gson_twitter_a966d1bc,,0,{}
gtbundy_twitter_460e51a0,,0,{}
guardic_twitter_c14078da,,0,{}
guedadojacopomele_twitter_54ffce95,,0,{}
guidocataldi_twitter_54832c22,,0,{}
guillermoruiz24_twitter_0160f3be,,0,{}
gurumef_twitter_61ef9610,,0,{}
gusei_twitter_2087b8f3,,0,{}
gustavoarias_twitter_54c0cdd5,,0,{}
guycocker_twitter_b330a1df,,0,{}
guysonecstasy_twitter_b846c333,,0,{}
gvirtucio_twitter_0e90f22a,,0,{}
gwalter_twitter_0c6dd10d,,0,{}
gwynf_twitter_3d5c2458,,0,{}
gwynnekostin_twitter_c623b300,,0,{}
habuw_twitter_4a555da8,,0,{}
hacen_twitter_0bed7b72,,0,{}
hairboutiquecom_twitter_c5bf09b2,,0,{}
haivo_twitter_bdd72100,,0,{}
hakandahlstrom_twitter_9773d942,,0,{}
halgarob_twitter_67d039d4,,0,{}
halilkupeli_twitter_acae7c70,,0,{}
hallyboost_twitter_6e6d3adb,,0,{}
handmadejewelry_twitter_108df45b,,0,{}
hanma_twitter_857c9d61,,0,{}
hannoliiva_twitter_2eb1f948,,0,{}
hansvaneijsden_twitter_ab317d1b,,0,{}
harishsharma_twitter_cca3ead0,,0,{}
harisrahman_twitter_1f7c8d1b,,0,{}
harshit_twitter_cc982ff0,,0,{}
harvest316_twitter_2e57cdc0,,0,{}
hasanalikhattak_twitter_1b8c3961,,0,{}
hayleyvu_twitter_5771cfe5,,0,{}
hbeme_twitter_d4642ec2,,0,{}
heartrepreneur_twitter_4c084163,,0,{}
heartstrung_twitter_d96ea892,,0,{}
heatherho_twitter_134146a4,,0,{}
heathertorres_twitter_68535343,,0,{}
hectorigual_twitter_5422ab63,,0,{}
heilweil_twitter_a9fa6e13,,0,{}
helka_twitter_d6b8047d,,0,{}
henrikfohns_twitter_1cebd35f,,0,{}
henspie_twitter_17aa669f,,0,{}
hepekiz_twitter_702d2303,,0,{}
hernancortes_twitter_844f2a68,,0,{}
hflpjtrade_twitter_ec4057b9,,0,{}
hillmiester_twitter_d1a14f7f,,0,{}
hiredmyway_twitter_ae311bde,,0,{}
hisforhome_twitter_b2a8cc12,,0,{}
hishizaki_twitter_2fddf773,,0,{}
hlh_twitter_7accfa24,,0,{}
hogeslag_twitter_5e738c6b,,0,{}
holleyjacobs_twitter_871a8a44,,0,{}
hollyccarter_twitter_6e578e3f,,0,{}
hollywoodpunk_twitter_26829078,,0,{}
homesacrosstheworldcom_twitter_dc31cc66,,0,{}
hookedonwax_twitter_b55ebb54,,0,{}
hoosierteacher_twitter_d9ebc414,,0,{}
hortovanyi_twitter_973c33d0,,0,{}
hostels247_twitter_139daa85,,0,{}
hotelcostanarejos_twitter_c1c0110c,,0,{}
howielevy_twitter_0585d474,,0,{}
hthaiwon_twitter_e0e5da0c,,0,{}
huko_twitter_c299cad2,,0,{}
humanlie_twitter_cd6c7d6a,,0,{}
huzaifasial_twitter_60c82a39,,0,{}
hyperbreed_twitter_a25e4ca0,,0,{}
iabdulghani_twitter_7fa1eb79,,0,{}
iamangelique_twitter_a92c5588,,0,{}
iamlfb_twitter_4fb7edfc,,0,{}
iamryno_twitter_1b4da683,,0,{}
iancorless_twitter_17c5fdca,,0,{}
ianedgar_twitter_85a15d06,,0,{}
ianjamesdavies_twitter_f57dcb86,,0,{}
iankath_twitter_953fc7cb,,0,{}
ibulat_twitter_9fabb951,,0,{}
idaperri_twitter_c09e48a1,,0,{}
idaveml_twitter_28dd4888,,0,{}
ideas4ios_twitter_c082de65,,0,{}
idrialis_twitter_f1818d78,,0,{}
idvaad_twitter_bcf2f056,,0,{}
iesposito_twitter_47f18673,,0,{}
ifabio_twitter_40e0cd7d,,0,{}
ifeelitall_twitter_f25f9d35,,0,{}
igorbotelho_twitter_5ab5d7a8,,0,{}
igormitrovic_twitter_7fbdae41,,0,{}
igoryok_twitter_1baf2792,,0,{}
ihakkim_twitter_0c7ce0a3,,0,{}
ihanna_twitter_c51554ab,,0,{}
ilariadefilippo_twitter_ba5def50,,0,{}
ilariapic_twitter_2cedd304,,0,{}
ilario_twitter_68607ef1,,0,{}
ileshshah_twitter_61110826,,0,{}
ilkkakukkonen_twitter_ac550d7e,,0,{}
illtrax_twitter_1a1d5e70,,0,{}
ilpagliarino_twitter_8c55b8b8,,0,{}
indietunes_twitter_e83631c5,,0,{}
indumental_twitter_db63d9ae,,0,{}
inesandres_twitter_e93a4891,,0,{}
inigoparalle_twitter_b15aa013,,0,{}
injction_twitter_c5f2fc9d,,0,{}
intanrizky_twitter_235881d9,,0,{}
intelligenius_twitter_54dcd23e,,0,{}
intercer_twitter_48e5af44,,0,{}
ipranab_twitter_00f852cc,,0,{}
irecevic_twitter_c097f388,,0,{}
irenegarmu_twitter_e484b227,,0,{}
irenekimmel_twitter_ac98d11a,,0,{}
irf_twitter_7f923eec,,0,{}
irinaradchenko_twitter_30999e7b,,0,{}
irinasouiki_twitter_4382bfa6,,0,{}
irmazimmermann_twitter_8ec0bae6,,0,{}
isaacadams_twitter_85f8654b,,0,{}
isaacbf_twitter_1fce440a,,0,{}
isaacsmith_twitter_5cc7dfdb,,0,{}
isuruyapa_twitter_e0a9fd3c,,0,{}
itsvitorgomes_twitter_58be4379,,0,{}
iucnwani_twitter_ad8bb904,,0,{}
ivanataylor_twitter_adc1ab37,,0,{}
ivanhernandez_twitter_0b47da79,,0,{}
ivanilic_twitter_3b3d3667,,0,{}
ivankovacevic_twitter_090f678f,,0,{}
ivanlajara_twitter_47424b61,,0,{}
ivanmola_twitter_e0045627,,0,{}
ivanvega_twitter_9a12a4d8,,0,{}
ivarsmas_twitter_7e1851e6,,0,{}
ivosilvestro_twitter_70789f9d,,0,{}
iwatatakuma_twitter_63c209af,,0,{}
iwichita_twitter_9aefd46e,,0,{}
izackruiz_twitter_c3c62de9,,0,{}
izazael_twitter_6d55c349,,0,{}
j0hnsy_twitter_ae331e5c,,0,{}
j4nu5_twitter_b635fcfa,,0,{}
jackprindle_twitter_9755afbd,,0,{}
jacquesshu_twitter_3b14181c,,0,{}
jacquibrown_twitter_14a34343,,0,{}
jadenwalker_twitter_ff88f3be,,0,{}
jaelrincon_twitter_47a49f56,,0,{}
jagudeye_twitter_4038cc9f,,0,{}
jaimerojasandaur_twitter_da11d9b8,,0,{}
jainashish_twitter_0016dd8b,,0,{}
jajodiasaket_twitter_7fe3a46b,,0,{}
jakedubss_twitter_c03b0dc2,,0,{}
jamesbellamy3_twitter_2b6126e8,,0,{}
jamescrawford_twitter_208ab316,,0,{}
jamesgoodnow_twitter_adc9a524,,0,{}
jamesjohnston_twitter_d4f80aad,,0,{}
jameson079_twitter_8e1fa9a3,,0,{}
jamessacci_twitter_109a3d36,,0,{}
jameswatsoninternet_twitter_c9d12070,,0,{}
jamiegilpin_twitter_8094a687,,0,{}
jamiehinks_twitter_60200ba6,,0,{}
jamieleeong_twitter_7ff1aa7e,,0,{}
janbush_twitter_e3420437,,0,{}
janehamill_twitter_352ee4cd,,0,{}
janelbrennan_twitter_72b9f16b,,0,{}
janellewilson_twitter_313a6c63,,0,{}
janifer_twitter_f4d7e4a1,,0,{}
janiv_twitter_6c328abe,,0,{}
japros_twitter_11c126e3,,0,{}
jaredholmquist_twitter_fa4b7178,,0,{}
jaredmagouirk_twitter_afbcdaa3,,0,{}
jaryves_twitter_d83d06fe,,0,{}
jasminrovira_twitter_905df1d1,,0,{}
jasonbergin_twitter_557321ca,,0,{}
jasonchan_twitter_f947b6c6,,0,{}
jasondupuis_twitter_604a4ea8,,0,{}
jasonemiller_twitter_84b4f048,,0,{}
jasongraciano_twitter_5a1ec285,,0,{}
jasongraham99_twitter_66c29f64,,0,{}
jasonlloyd_twitter_458c19c8,,0,{}
jasonloehr_twitter_fa1e5a2f,,0,{}
jasonmarineau_twitter_633eb7c9,,0,{}
jasonmartorana_twitter_1c170ec5,,0,{}
jasonohaire_twitter_1f34c7b8,,0,{}
jasson_twitter_efc7b09a,,0,{}
javicebrian_twitter_049aaaed,,0,{}
javierandreu_twitter_bad60328,,0,{}
javierbrisa_twitter_7cbb97f9,,0,{}
javiersanchez_twitter_a42a8588,,0,{}
javikarni_twitter_638b5b61,,0,{}
jayboucher_twitter_1796f13f,,0,{}
jaycorcoran_twitter_b6cbb10c,,0,{}
jaynev_twitter_5dc978f4,,0,{}
jaypsyd_twitter_bd24af2b,,0,{}
jazael_twitter_e08b22e1,,0,{}
jazrt_twitter_eed13493,,0,{}
jazza_twitter_94858f81,,0,{}
jberndes_twitter_424b06a9,,0,{}
jcov90_twitter_805884a4,,0,{}
jcriqqelme_twitter_c52b8be8,,0,{}
jdperkins1369_twitter_b93ad2f3,,0,{}
jeacosta_twitter_8799a0b7,,0,{}
jeanfrancoislabelle_twitter_06143101,,0,{}
jeansanchez_twitter_da39065b,,0,{}
jects_twitter_be19fbc2,,0,{}
jeepgeek_twitter_75cc76d2,,0,{}
jeffarazzi_twitter_7f4b0bb2,,0,{}
jeffbone_twitter_33a810ac,,0,{}
jeffipad_twitter_14c87aec,,0,{}
jefflarkin_twitter_e0ef7813,,0,{}
jeffmclean_twitter_1f69b096,,0,{}
jeffmwebster_twitter_fdeaebf9,,0,{}
jeffreyamcguire_twitter_ac97c567,,0,{}
jeffreydodge_twitter_65b44add,,0,{}
jehf_twitter_f9349936,,0,{}
jeicker_twitter_455c1f4b,,0,{}
jellederoeck_twitter_376d4469,,0,{}
jelleoostrom_twitter_56216f16,,0,{}
jenbalisi_twitter_ec3798a8,,0,{}
jenevison_twitter_8acf9fc2,,0,{}
jenleheny_twitter_17111b55,,0,{}
jenmathews_twitter_6cefe4ab,,0,{}
jenner_twitter_cd086305,,0,{}
jenniferhill_twitter_9c8e2b8a,,0,{}
jenniferrosenblatt_twitter_93ba7407,,0,{}
jenniferwong_twitter_baa6ff82,,0,{}
jennturner_twitter_08a54c1b,,0,{}
jenovaproject_twitter_5584fe01,,0,{}
jereclancy_twitter_15037bd5,,0,{}
jeremycwilson_twitter_1b2d29ba,,0,{}
jeremyfranklin_twitter_19dd28ce,,0,{}
jeremymd_twitter_855bd9cc,,0,{}
jeroenmiedema_twitter_e4099201,,0,{}
jeromeshaw_twitter_a2507e7e,,0,{}
jerometurner_twitter_f015652f,,0,{}
jeromevadon_twitter_7bbe40b2,,0,{}
jeromiewilliams_twitter_5b4a8dcd,,0,{}
jerrybarnwell_twitter_cbd7b683,,0,{}
jessecorinella_twitter_c432ea70,,0,{}
jessereilly_twitter_af4029a7,,0,{}
jessetrelstad_twitter_385144a0,,0,{}
jessevalley_twitter_8602d0ee,,0,{}
jessewright_twitter_5ef6975d,,0,{}
jessicafajans_twitter_bd679c07,,0,{}
jessienuz_twitter_b93a3e54,,0,{}
jesusivo_twitter_7663cfc3,,0,{}
jesuslugo_twitter_16e56c7f,,0,{}
jesusmier_twitter_8d74e587,,0,{}
jetvhs_twitter_74117c75,,0,{}
jevtovic_twitter_f88cb5fb,,0,{}
jfbautista_twitter_f37b46f4,,0,{}
jgoff_twitter_83adead5,,0,{}
jgorehampenney_twitter_40206fbf,,0,{}
jhonjairo_twitter_9f16e7cd,,0,{}
jillian_twitter_f36fff3b,,0,{}
jimbgreen_twitter_e1f8798a,,0,{}
jimbobmarley_twitter_bece6fee,,0,{}
jimhicks_twitter_eb164c2b,,0,{}
jimlarrison_twitter_dee5dabb,,0,{}
jimmetzger_twitter_faa222f7,,0,{}
jimmurdoch_twitter_e2e0c232,,0,{}
jinaljmehta_twitter_10a128fd,,0,{}
jinuem_twitter_ca112bf6,,0,{}
jiriruzek_twitter_e248e9f9,,0,{}
jiteshpanchal_twitter_662a611f,,0,{}
jithinjb_twitter_3ad744df,,0,{}
jjamor_twitter_352474b3,,0,{}
jjmlloret_twitter_22f84a80,,0,{}
jkdesignarts_twitter_c7e411c0,,0,{}
jking1627_twitter_31386cf4,,0,{}
jklfacom_twitter_ca241816,,0,{}
jkshim_twitter_d5fdd5eb,,0,{}
jlat85_twitter_a9200085,,0,{}
jletti_twitter_b9a98ba2,,0,{}
jmac303_twitter_68403514,,0,{}
jmerkoski_twitter_3dd3063f,,0,{}
jmgiron_twitter_4d143529,,0,{}
jmnish_twitter_04dd4d8a,,0,{}
jmzubi_twitter_4f8f4b47,,0,{}
jnfotos_twitter_2030beb6,,0,{}
joannaleelin_twitter_025e0c9d,,0,{}
joannalinden_twitter_d58db6b4,,0,{}
joannegreco_twitter_a8685d60,,0,{}
joannwoolley_twitter_b7284b7b,,0,{}
joaorio_twitter_c4b1106d,,0,{}
joaoterrivel_twitter_5339abb7,,0,{}
joaquingatica_twitter_0a6b8089,,0,{}
joebuglione_twitter_aa7611bd,,0,{}
joecayetano_twitter_ac0182ad,,0,{}
joelsteinmann_twitter_9a4b22c1,,0,{}
joelynndesign_twitter_22ff8ee5,,0,{}
joem_twitter_c3a32b4a,,0,{}
joerobb_twitter_db58d2ad,,0,{}
joeteh_twitter_782d1b92,,0,{}
joeybryant_twitter_807d699d,,0,{}
joeyfeith_twitter_1c642e25,,0,{}
joeymakalintal_twitter_1dafa4da,,0,{}
jogarrett_twitter_01c5eaf1,,0,{}
johnayers_twitter_3cebfaa5,,0,{}
johnbyerrum_twitter_1ebcc911,,0,{}
johncast78_twitter_a9f36fb6,,0,{}
johndeguzman_twitter_ca6b74d9,,0,{}
johnearickson_twitter_78563dba,,0,{}
johnjdillon_twitter_7b2b3d39,,0,{}
johnkaminski_twitter_27ab222b,,0,{}
johnmadden_twitter_71161496,,0,{}
johnmischief_twitter_a702acab,,0,{}
johnperez_twitter_332745af,,0,{}
johnporcaro_twitter_39f80842,,0,{}
johnson2772_twitter_020fea73,,0,{}
johnvicory_twitter_7c1b0543,,0,{}
jokingonzalez_twitter_328718a3,,0,{}
jolafeltra_twitter_9e1a8441,,0,{}
jolenejang_twitter_eb986f1d,,0,{}
jonahguo_twitter_c2833174,,0,{}
jonartlucas_twitter_47d878d0,,0,{}
jonashalmstad_twitter_5f657ab1,,0,{}
jonathandenby_twitter_a3026d8a,,0,{}
jonathanfleming_twitter_2c14fa71,,0,{}
jonathanlopez_twitter_eac5191e,,0,{}
jonathanromero_twitter_fdd8e7ac,,0,{}
jonathanvu_twitter_3c598bc7,,0,{}
jondifro_twitter_06afc1d2,,0,{}
jonhowson_twitter_ab1ee1b7,,0,{}
jonjohns_twitter_68d2d3ba,,0,{}
jonmaceda_twitter_33a734bb,,0,{}
jonthedvl_twitter_a25b4ad2,,0,{}
joolsstone_twitter_94226464,,0,{}
joonshin_twitter_893afb8b,,0,{}
jordanhaines_twitter_c97e8de9,,0,{}
jorgecisneros_twitter_5bb853c7,,0,{}
jorgeglez_twitter_c91c1fdc,,0,{}
jorgeramossantos_twitter_b2136afe,,0,{}
jorgeteixeira_twitter_4d746f0e,,0,{}
joselopezarcos_twitter_5e0983ca,,0,{}
josemanuelzardainbbr_twitter_b6ec7a83,,0,{}
josephsocorro_twitter_230f513b,,0,{}
josepmanchado_twitter_8257a550,,0,{}
joshaidan_twitter_995e085d,,0,{}
joshdirks_twitter_584561bd,,0,{}
joshgibson_twitter_74baec17,,0,{}
joshgriffin_twitter_5f030a62,,0,{}
joshjeppson_twitter_21b548ea,,0,{}
joshpeak_twitter_e94e5ac8,,0,{}
joshpeardon_twitter_f54c4bf0,,0,{}
joshuagalloway_twitter_54717c29,,0,{}
joshuahor_twitter_fbd8d6bd,,0,{}
joshuaparker_twitter_b5836ffc,,0,{}
josiaanep_twitter_99718dc1,,0,{}
joyceanndavis_twitter_b7d9cdf4,,0,{}
joypoulsen_twitter_f198e9d7,,0,{}
joysgupta_twitter_d96c2466,,0,{}
joyvalencia_twitter_07552557,,0,{}
jparker1978_twitter_0b80d325,,0,{}
jphilpin_twitter_1ba075a7,,0,{}
jpieters_twitter_2748a6d1,,0,{}
jralexander_twitter_bfd49754,,0,{}
jralfonso_twitter_405fbc30,,0,{}
jrodrigo_twitter_5a145d3a,,0,{}
jrufer_twitter_65870c11,,0,{}
jseguir_twitter_906ceab3,,0,{}
jsesh_twitter_8cd521a7,,0,{}
jtotheizzoe_twitter_eb27f0a4,,0,{}
juanantoniojarasoria_twitter_351a1538,,0,{}
juangarcias_twitter_8c6f2a23,,0,{}
juangomis_twitter_23de1f7b,,0,{}
juanramar_twitter_378feb12,,0,{}
judicaellevalin_twitter_67de983e,,0,{}
juil_twitter_46563adc,,0,{}
juliahull_twitter_cd60ea4c,,0,{}
juliaiglesias_twitter_c44946e4,,0,{}
julianasakae_twitter_ec465663,,0,{}
juliaprior_twitter_aeaf85d6,,0,{}
juliaspencer_twitter_d782ebf0,,0,{}
juliemaure_twitter_677071c6,,0,{}
julieraesandifer_twitter_ca54e5a4,,0,{}
julionoel_twitter_4b04accc,,0,{}
juliusjulius_twitter_2018d069,,0,{}
jumpstartbikes_twitter_b71c9705,,0,{}
juninbsk_twitter_3cf26ec9,,0,{}
juniortv_twitter_616d8fe4,,0,{}
justindoub_twitter_2736315c,,0,{}
justinhammack_twitter_45144f9b,,0,{}
justinphillips_twitter_e1f86596,,0,{}
justkate_twitter_fd9aeea3,,0,{}
jvnchan_twitter_6ac82d8d,,0,{}
jwike_twitter_65be2fd8,,0,{}
jwsteiert_twitter_0b5360b7,,0,{}
kaanakin_twitter_595cd2bc,,0,{}
kadirates_twitter_1e3d444b,,0,{}
kamalbadawy_twitter_39801931,,0,{}
kamikura_twitter_c147ac87,,0,{}
kampeerboerin_twitter_10929a8a,,0,{}
kanochiemi_twitter_da78abed,,0,{}
kantares_twitter_3dab538d,,0,{}
kantiki_twitter_b3eb4cca,,0,{}
kanyoncoyotewoman_twitter_51eeff45,,0,{}
karabee_twitter_2890a953,,0,{}
karascharwath_twitter_74c05ff9,,0,{}
karenharding_twitter_350a2db5,,0,{}
karenlieberman_twitter_1936d515,,0,{}
karenlmessick_twitter_46859344,,0,{}
karenpham_twitter_c8488e1d,,0,{}
kariemitchell_twitter_ca46b5ad,,0,{}
karllindsay_twitter_ca657f06,,0,{}
karlotorres_twitter_5e81d907,,0,{}
karma_twitter_4ea7de0f,,0,{}
kartika9_twitter_aed617e0,,0,{}
karvax_twitter_47c0addd,,0,{}
karynlwiseman_twitter_c0268b7d,,0,{}
karypastor_twitter_d4351e0d,,0,{}
kasihelialg_twitter_ee3ce00a,,0,{}
kasraeian_twitter_259aaee2,,0,{}
katalnikov_twitter_43f81c35,,0,{}
katesalyers_twitter_9fa1b0ec,,0,{}
katesloan_twitter_608446c0,,0,{}
kateylee_twitter_7d837ead,,0,{}
katgear_twitter_f06dedfe,,0,{}
kathaber_twitter_f87108b0,,0,{}
kathiaokada_twitter_40c32a09,,0,{}
kathleenjoyce_twitter_a47d92d4,,0,{}
kathrinaue_twitter_fd5f5df5,,0,{}
kathydragon_twitter_8249e5fd,,0,{}
katibren_twitter_7bf4b9d8,,0,{}
katiedeluca_twitter_22e38eb3,,0,{}
katiemsmith_twitter_dda6b518,,0,{}
katmandelstein_twitter_d25fe08a,,0,{}
katsumo_twitter_e2053395,,0,{}
kattgw_twitter_4ea5b1f7,,0,{}
kazu721010_twitter_564a8040,,0,{}
kcakduman_twitter_c5935982,,0,{}
keefmoon_twitter_de050880,,0,{}
kellydelay_twitter_ed2ae8cf,,0,{}
kellyjaggers_twitter_e3259332,,0,{}
kellykermode_twitter_d60f5c31,,0,{}
kellynagaoka_twitter_8e42ad9d,,0,{}
kellythul_twitter_3f825a0b,,0,{}
kelly_twitter_bcf3f13a,,0,{}
kelseawilhelm_twitter_07407364,,0,{}
kelseyivey_twitter_619f4040,,0,{}
kendanieli_twitter_13242cef,,0,{}
kennyrivas_twitter_a488b73f,,0,{}
kerijaehnig_twitter_b9b86e3f,,0,{}
kerryleslie_twitter_4dcba34e,,0,{}
kevanobrien_twitter_f9af73f0,,0,{}
kevinallocca_twitter_07e4a870,,0,{}
kevinduane_twitter_429ad3a2,,0,{}
kevinfalcon_twitter_2d20a38d,,0,{}
kevinjimeno_twitter_63d10137,,0,{}
kevinkrejca_twitter_b81fceae,,0,{}
kevinlimfungyen_twitter_1fee1a3e,,0,{}
kevinmichaelr_twitter_34c7d76f,,0,{}
kevinquinlan_twitter_25656a45,,0,{}
khalilalmusaeed_twitter_19a2563b,,0,{}
khannings_twitter_a001cb53,,0,{}
kiaorabeagle_twitter_d151c219,,0,{}
kiatinsley_twitter_1322ccff,,0,{}
kientran_twitter_d8c872e5,,0,{}
kikaps_twitter_990c5410,,0,{}
kimberlymunoz_twitter_310b222a,,0,{}
kimberlyrotter_twitter_bce4a410,,0,{}
kingjn_twitter_0aa60aa2,,0,{}
kinnajonsson_twitter_993760f6,,0,{}
kirakariakin_twitter_aeeedfcf,,0,{}
kirkjantzer_twitter_e02f9b87,,0,{}
kivettbednar_twitter_d2c0138a,,0,{}
kkbyrns_twitter_5a793ca4,,0,{}
kkristopherkimbrew_twitter_219fa186,,0,{}
klappacher_twitter_6aed21de,,0,{}
klinikassyarif_twitter_050728c9,,0,{}
klou_twitter_79ef1e7e,,0,{}
knakamura1977_twitter_a23366ff,,0,{}
kochergin_twitter_71bc1b25,,0,{}
koky1982_twitter_4dc87c2e,,0,{}
korepov_twitter_f321721d,,0,{}
koryklem_twitter_422ef9f9,,0,{}
kostasdissios_twitter_36dab137,,0,{}
kreasimalam_twitter_c7dde480,,0,{}
kreiner_twitter_263cab99,,0,{}
kristapalmu_twitter_688a8c0c,,0,{}
kristelyoneda_twitter_db4daf8f,,0,{}
kristinacarlson_twitter_e876d9b3,,0,{}
kristinahowells_twitter_e52f2843,,0,{}
kristinarabarison_twitter_cebc327e,,0,{}
kristinrichey_twitter_7bbaf95c,,0,{}
kristjanmorgan_twitter_bcdd2755,,0,{}
kristysvihlikova_twitter_f8029544,,0,{}
krystasch_twitter_8f2fe3c9,,0,{}
ksquad_twitter_9cdf7cd2,,0,{}
kurtkelly_twitter_dc49ebf0,,0,{}
kylechildress_twitter_3685d9cd,,0,{}
kylemadson_twitter_4814bbb3,,0,{}
kylepearce_twitter_95130bcf,,0,{}
kylewiebalk_twitter_36364cb0,,0,{}
kyotonaradreamtrips_twitter_bca2684f,,0,{}
ladewig_twitter_b64b2c85,,0,{}
laffraff_twitter_a2e32ac5,,0,{}
lagonzi_twitter_29409c95,,0,{}
landaarte_twitter_7946253a,,0,{}
landissmithers_twitter_15c7544e,,0,{}
larchanka_twitter_0422454d,,0,{}
larrybroughton_twitter_af87f21b,,0,{}
larrylipsmeyer_twitter_88aee018,,0,{}
larsnystrom_twitter_fb200280,,0,{}
laughedelic_twitter_82f0f762,,0,{}
laura333_twitter_674c25ff,,0,{}
laurabestler_twitter_7933823f,,0,{}
lauramorelliphd_twitter_5c12d7a4,,0,{}
laurasfiat_twitter_0c65ea88,,0,{}
laurengrieco_twitter_f2aa5ab4,,0,{}
laurenhard_twitter_f18a1bcd,,0,{}
laurentlecler_twitter_8a920009,,0,{}
laurieturk_twitter_b3c00375,,0,{}
lavalion_twitter_b60fb8a9,,0,{}
leahmessina_twitter_76db8151,,0,{}
leandromaioral_twitter_2c47e5d6,,0,{}
leannekoh_twitter_510bc321,,0,{}
leannestaples_twitter_2d53a355,,0,{}
lebohangbucibo_twitter_ddb8a55c,,0,{}
leecassidy_twitter_7af64e58,,0,{}
leegunter_twitter_f36d8012,,0,{}
leeharmon_twitter_448ebf5c,,0,{}
leelyning_twitter_baabfd04,,0,{}
leetoomes_twitter_5ad1e20b,,0,{}
leiah_twitter_d9e296c2,,0,{}
lekstudios_twitter_fd91f41d,,0,{}
lelouchjoshua_twitter_069acb0a,,0,{}
lemihacioglu_twitter_39f556c5,,0,{}
lenhattrieu_twitter_04310bfe,,0,{}
leninluna_twitter_11a965e1,,0,{}
lennoazevedo_twitter_4a7eb5b6,,0,{}
leomrco_twitter_40189604,,0,{}
leonchia_twitter_799b82c6,,0,{}
leonovel_twitter_e1c8d073,,0,{}
leovigildo_twitter_4986ffcd,,0,{}
lerona_twitter_c37f6086,,0,{}
leslieerin_twitter_87fd6515,,0,{}
letandueza_twitter_432fd8e7,,0,{}
letchange_twitter_52e1fa9b,,0,{}
lewisevans777_twitter_a77e366e,,0,{}
lewisjordon_twitter_662c5954,,0,{}
libertrand_twitter_6108894c,,0,{}
lidahasbrouck_twitter_988e5031,,0,{}
lifeofbryan_twitter_5524dce3,,0,{}
ligiaadam_twitter_a5c1aedd,,0,{}
lilxand_twitter_f58009a1,,0,{}
lilyrdz_twitter_ff04f7d6,,0,{}
lindsayblogs_twitter_2d7b4959,,0,{}
lindsayrain_twitter_45af7d67,,0,{}
lingtime_twitter_6c868872,,0,{}
linji_twitter_05edbd64,,0,{}
linusblanket_twitter_727f8bb1,,0,{}
linzshelton_twitter_1f39afba,,0,{}
lisalaskaridis_twitter_18efd7df,,0,{}
lisamackay_twitter_25782075,,0,{}
lissendehors_twitter_4b0416b4,,0,{}
litasworld_twitter_cfff52b7,,0,{}
livej_twitter_1c87afd7,,0,{}
lizandromelean_twitter_cfc88c89,,0,{}
lizapierce_twitter_58c331b7,,0,{}
lizbarnett_twitter_8e7b3e76,,0,{}
lizcappon_twitter_60824e53,,0,{}
lizcarey13_twitter_b7dfc473,,0,{}
ljstubbs_twitter_c76bd191,,0,{}
lmdesign_twitter_fe9ab94d,,0,{}
logiops_twitter_f580dd9d,,0,{}
loig_twitter_dbfc352f,,0,{}
lollydurand_twitter_82d500d4,,0,{}
looiss_twitter_02f84660,,0,{}
loosehold_twitter_351f6cd6,,0,{}
loremoja_twitter_85929b8f,,0,{}
lorenia_twitter_2bef8fda,,0,{}
lorenzocaiazzo_twitter_f779e90f,,0,{}
lorielberg_twitter_fa8263b4,,0,{}
loriruff_twitter_f903750e,,0,{}
loscollacios_twitter_ff539e68,,0,{}
lotharseifert_twitter_961d0a0a,,0,{}
louised_twitter_d339d98b,,0,{}
loumartini_twitter_8f955eb4,,0,{}
lovebeyondwords_twitter_bc9c33e9,,0,{}
lovlesh_twitter_472fa2ee,,0,{}
lroddd_twitter_f5e6e280,,0,{}
lr_twitter_947a6756,,0,{}
ltenhagen_twitter_c6b7c347,,0,{}
luanadefaveri_twitter_162699f1,,0,{}
lucaantonini_twitter_2ffd7dea,,0,{}
lucabove_twitter_884cbafa,,0,{}
lucacatania_twitter_955c2ddb,,0,{}
lucasamura_twitter_b36bb199,,0,{}
lucasbally_twitter_41419cc0,,0,{}
lucasmaiacom_twitter_0d2cce9d,,0,{}
luckybag_twitter_53f674dc,,0,{}
luigibusti_twitter_54015272,,0,{}
luisaca_twitter_3b9b8409,,0,{}
luisfernandez_twitter_364b1e2c,,0,{}
luizalgarra_twitter_cc276f43,,0,{}
lurvina_twitter_3d202782,,0,{}
luviwebit_twitter_954bc1f4,,0,{}
lynnbrownca_twitter_9f3426b9,,0,{}
lynnwallenstein_twitter_c3b3667f,,0,{}
m2atk_twitter_30a5e99f,,0,{}
maayanplaut_twitter_242f596c,,0,{}
mabosekina_twitter_e8bc60a5,,0,{}
macchimatteo_twitter_50e05bcd,,0,{}
macenzo_twitter_57ae7be0,,0,{}
macgeeky_twitter_39fbcde3,,0,{}
madamebijoux_twitter_5366d0b0,,0,{}
maddalenafaedo_twitter_c69ccb1c,,0,{}
madgrin_twitter_37a4c81e,,0,{}
madovsky_twitter_3aa6c38c,,0,{}
mafaldida_twitter_2ba1f558,,0,{}
mafueri_twitter_ac82c42f,,0,{}
mahalululu_twitter_aeb03a07,,0,{}
majorg_twitter_200a3b88,,0,{}
malbarda_twitter_af1e0a7a,,0,{}
malbooth_twitter_01e536fa,,0,{}
maliagros_twitter_3db9b29d,,0,{}
malibumuffie_twitter_8091e502,,0,{}
mallikawow_twitter_381bc59b,,0,{}
malukorj_twitter_d35b08cf,,0,{}
mamakoid_twitter_30959590,,0,{}
mangaman_twitter_d3edff94,,0,{}
mangky_twitter_0dff8a1e,,0,{}
manolegloria_twitter_484aa1d6,,0,{}
manoshatzi_twitter_721b7a3d,,0,{}
manubordera_twitter_4098567b,,0,{}
manuretea_twitter_bd200eaf,,0,{}
marcalaninnes_twitter_6e581b9f,,0,{}
marcaugier_twitter_f51afdae,,0,{}
marccloutier89_twitter_e35d4325,,0,{}
marcdomingo_twitter_3c252b34,,0,{}
marcellemaire_twitter_87888cdb,,0,{}
marcelotalassuh_twitter_f5933253,,0,{}
marcelziul_twitter_cfd16109,,0,{}
marcioferreira_twitter_b0212f75,,0,{}
marclamber_twitter_fd78b351,,0,{}
marcmeltzer_twitter_8a139f74,,0,{}
marcocostanzo_twitter_dc2faac7,,0,{}
marcorivera_twitter_21bed8ac,,0,{}
marcosgeremias_twitter_b4bb7a03,,0,{}
marcsoares_twitter_6edc32a9,,0,{}
marcusmeisel_twitter_11cf0196,,0,{}
marcvatic_twitter_d43faecf,,0,{}
marcweil_twitter_90edf351,,0,{}
mariaalana_twitter_bbc8ca6d,,0,{}
mariamartinez_twitter_d128f3c0,,0,{}
mariamjameel_twitter_03c4a234,,0,{}
mariamonegro_twitter_834539fa,,0,{}
mariannehope_twitter_714c4d17,,0,{}
marianosanfilippo_twitter_0d3fad85,,0,{}
mariarti_twitter_b1561027,,0,{}
maribelcastilla_twitter_59ba3ecd,,0,{}
marioalberto_twitter_855fae64,,0,{}
marioalvarezch_twitter_a1acf212,,0,{}
marioh_twitter_33e3c302,,0,{}
mariomartinezarrabal_twitter_b8ab361c,,0,{}
marisasabatini_twitter_a4efed5a,,0,{}
marissahughes_twitter_a37d148d,,0,{}
mariuscucuruz_twitter_83e2c776,,0,{}
markbaar_twitter_5ee67ca7,,0,{}
markborkowski_twitter_bf38e950,,0,{}
markcastator_twitter_c9dd7555,,0,{}
markdunne_twitter_670342ac,,0,{}
markelmes_twitter_892d9ea8,,0,{}
marketingmichele_twitter_11f16a80,,0,{}
markgantt_twitter_8e7ba96e,,0,{}
markorandjelovic_twitter_9f408f09,,0,{}
markpuckett_twitter_a08f5a56,,0,{}
markusortner_twitter_ae22e3ca,,0,{}
markustressl_twitter_e2d80521,,0,{}
marlenebitzer_twitter_6ff401c2,,0,{}
marloncureg_twitter_b0267fa8,,0,{}
marnitako_twitter_49151130,,0,{}
marqueee_twitter_f8f49734,,0,{}
marquesstewart_twitter_1cc12e4d,,0,{}
marshacollier_twitter_11cbfe82,,0,{}
martincwalter_twitter_e672e01d,,0,{}
martinhinrich_twitter_dfca0c3e,,0,{}
martinosabia_twitter_f88664f2,,0,{}
martinrobinson_twitter_32fef6e3,,0,{}
martinsliz_twitter_c065a118,,0,{}
martinsoler_twitter_2811de0d,,0,{}
martinugalde_twitter_0e91332e,,0,{}
maruxz_twitter_4f2a5a42,,0,{}
marvin713_twitter_be3ab41d,,0,{}
marwsay_twitter_c624ea8d,,0,{}
mashael92_twitter_e7a802d5,,0,{}
maskdmegane_twitter_543225d7,,0,{}
masmith_twitter_5077f6b8,,0,{}
masoudhaghi_twitter_cdb6f6d6,,0,{}
massimosaviotti_twitter_f63addf5,,0,{}
matheusfsantos_twitter_039c71ce,,0,{}
mathiasmaul_twitter_34b87187,,0,{}
mathieubellet_twitter_b4c5d551,,0,{}
mathieurensen_twitter_7288d916,,0,{}
matluschek_twitter_11794b2f,,0,{}
matsgulbrandsen_twitter_a09bd579,,0,{}
mattauckland_twitter_2900821c,,0,{}
mattcoe_twitter_a339b9f4,,0,{}
matteolever_twitter_0370affb,,0,{}
mattharvey_twitter_b496ad9c,,0,{}
matthewduncan_twitter_2a19134d,,0,{}
matthewpantoja_twitter_a009d053,,0,{}
mattmassaro_twitter_42d26437,,0,{}
mattshields_twitter_2c6e5150,,0,{}
mattshultz_twitter_5266390a,,0,{}
mau_twitter_810d051c,,0,{}
maxculleen_twitter_838a420d,,0,{}
maxduke_twitter_b43521e2,,0,{}
maxfabrizi_twitter_64a686ab,,0,{}
maximdikun_twitter_e012cb94,,0,{}
maxuel84_twitter_2a222ef3,,0,{}
maxvazquez_twitter_b940fbef,,0,{}
maysounhanna_twitter_b16e4285,,0,{}
mazenjizani_twitter_71c9db49,,0,{}
mballada_twitter_167f1a49,,0,{}
mborodov_twitter_37392d35,,0,{}
mccoygalvan_twitter_6539d51b,,0,{}
mcdessureault_twitter_3389d035,,0,{}
mcoyne_twitter_339a4934,,0,{}
mdicer_twitter_cef832f6,,0,{}
mdupls_twitter_f1aaf0a0,,0,{}
meberl_twitter_b608a183,,0,{}
meganclark_twitter_10102f25,,0,{}
meganorr_twitter_f3a41600,,0,{}
megsrhea_twitter_369a2c4b,,0,{}
mekhovov_twitter_33fdfe0b,,0,{}
melaganodeojo_twitter_c133d10c,,0,{}
melanieburger_twitter_0166b386,,0,{}
melanieramone_twitter_17a2756c,,0,{}
melanieschram_twitter_d5ad9ce6,,0,{}
melindamoses_twitter_e5806991,,0,{}
melissademata_twitter_7db20926,,0,{}
melissagonzales_twitter_3fab42a8,,0,{}
melissata_twitter_6b7959bf,,0,{}
melodythacker_twitter_df2da0cf,,0,{}
melteruz_twitter_cd06957b,,0,{}
memorylanecarclub_twitter_7b41d6df,,0,{}
menchiesp_twitter_29b449ac,,0,{}
mendeavor_twitter_993b1923,,0,{}
mengqi_twitter_e746b682,,0,{}
mercry_twitter_c2c9587d,,0,{}
mervae_twitter_04e25115,,0,{}
meryba_twitter_1c45f0b9,,0,{}
metaed_twitter_5a632907,,0,{}
mhantirah_twitter_9ba1be87,,0,{}
mhenderson_twitter_b8a9ae6d,,0,{}
mherrling_twitter_3053757e,,0,{}
miamilawrence_twitter_55ce5521,,0,{}
miamirealestate_twitter_7422c5c9,,0,{}
micampioni_twitter_ad8d6100,,0,{}
michaelangelo_twitter_c03b3d6c,,0,{}
michaelaranda_twitter_e0cca2e5,,0,{}
michaelarmstrong_twitter_782cba9f,,0,{}
michaelberndt_twitter_737f7264,,0,{}
michaelcempa_twitter_4fb89646,,0,{}
michaeldutcher_twitter_65b89f9c,,0,{}
michaeldylanferrara_twitter_330cc59a,,0,{}
michaelgodfre_twitter_81b56241,,0,{}
michaelgoff_twitter_bd1bab80,,0,{}
michaeljdennis_twitter_94fd8883,,0,{}
michaelkoenig_twitter_c17e3420,,0,{}
michaelkrantz_twitter_8127e086,,0,{}
michaelpierceca_twitter_ee6a35a5,,0,{}
michaeltapp_twitter_a8fbd7b6,,0,{}
michaelwitham_twitter_d8140c8c,,0,{}
michaelwuensch_twitter_3a32b985,,0,{}
michelejmartin_twitter_b8bd5ea9,,0,{}
michelevitucci_twitter_f4eab92b,,0,{}
michellefreeman_twitter_4ce05b13,,0,{}
michellemcivor_twitter_5fe2908f,,0,{}
micheltrapani_twitter_911f0dc7,,0,{}
mickmurillo_twitter_33455ffc,,0,{}
midorimiller_twitter_0e7bcce5,,0,{}
mightycasey_twitter_f3673bf1,,0,{}
miguelandres_twitter_502b1412,,0,{}
miguelcaballero_twitter_aef41545,,0,{}
miguelcaria_twitter_3eab4dc4,,0,{}
migueldecastro_twitter_e1825048,,0,{}
miguelsanchz_twitter_b7197199,,0,{}
miguelsoler_twitter_2a39fb85,,0,{}
mihirs_twitter_65de7ac0,,0,{}
mikeantares_twitter_35c28110,,0,{}
mikeberrios_twitter_32b32605,,0,{}
mikeconaty_twitter_4717350f,,0,{}
mikecorak_twitter_b106a495,,0,{}
mikedarcyhughes_twitter_c0b8cc9e,,0,{}
mikedarnell_twitter_61eb6be9,,0,{}
mikehill_twitter_c2b5a848,,0,{}
mikehochanadel_twitter_3163283a,,0,{}
mikejeide_twitter_c83c0b40,,0,{}
mikelefebvre_twitter_a75f09fe,,0,{}
mikemartin_twitter_b12b062a,,0,{}
mikemcbride_twitter_ccb44d7d,,0,{}
mikeoneill76_twitter_9f1e9eab,,0,{}
mikestake_twitter_8db2463c,,0,{}
mikesupple_twitter_450cc8d6,,0,{}
mikewhitmore_twitter_ffc7eec9,,0,{}
mikewood_twitter_dd65acc3,,0,{}
mikey3982_twitter_a0c8724f,,0,{}
mikhailsevalnev_twitter_d0860905,,0,{}
milatatham_twitter_32f73789,,0,{}
milko_twitter_07971ddf,,0,{}
minhazchowdhury_twitter_61798156,,0,{}
minorcortes_twitter_f0aefb1b,,0,{}
miph_twitter_2efbb055,,0,{}
mirellenascimento_twitter_f130b6c9,,0,{}
mirkojankovic_twitter_6adc1cd9,,0,{}
miroslavhelcl_twitter_d1f80a89,,0,{}
misstammyum_twitter_439f30cd,,0,{}
missycaulk_twitter_a42fb9d1,,0,{}
misteranggie_twitter_2841b77d,,0,{}
mitb_twitter_7d096be7,,0,{}
mitchenglish_twitter_4ca0f0cd,,0,{}
mitz_twitter_576e5781,,0,{}
mjarron_twitter_1b41b5a4,,0,{}
mjbrender_twitter_620a182a,,0,{}
mlikeasong_twitter_bc30aaf4,,0,{}
mlucasx_twitter_80053b41,,0,{}
mnasir_twitter_63da8f00,,0,{}
mneidich_twitter_35be259b,,0,{}
mobillionaire_twitter_af5b9b09,,0,{}
mobyo_twitter_fe405393,,0,{}
mohsinnaeem_twitter_a55fef82,,0,{}
moisesrial_twitter_8c811175,,0,{}
molivieri_twitter_92ce360a,,0,{}
monicagmh_twitter_2027dfa0,,0,{}
monikafuchs_twitter_18925b2e,,0,{}
monik_twitter_7828ec38,,0,{}
montezmccrary_twitter_37f9ef46,,0,{}
montsev_twitter_2d6f1f59,,0,{}
morganbrady_twitter_d0d0e383,,0,{}
mrandrewbradley_twitter_5c4b73ac,,0,{}
mrbambang_twitter_43c1d924,,0,{}
mrdrazad_twitter_6a2b07cd,,0,{}
mrjamesnoble_twitter_434eedb7,,0,{}
mrobertsonline_twitter_b6855b37,,0,{}
mrsimonwood_twitter_c7c60128,,0,{}
mrsrosietaylor_twitter_6780ca8e,,0,{}
msanhuezacelsi_twitter_eef409d2,,0,{}
msjuliars_twitter_887ad06e,,0,{}
msyarif_twitter_0c27361c,,0,{}
mtoigo_twitter_3243c811,,0,{}
mtrcorona_twitter_3ba37a3b,,0,{}
muccitas_twitter_266c130d,,0,{}
muhamadtaufik_twitter_8e1aa08c,,0,{}
multifacetsflux_twitter_71222129,,0,{}
munait_twitter_514804e3,,0,{}
munta_twitter_77851c73,,0,{}
murphyz_twitter_7a1651e3,,0,{}
murrayfrancis_twitter_30208cec,,0,{}
mvalencaa_twitter_2135fb36,,0,{}
mybikemyworldcom_twitter_f1798481,,0,{}
mybookandmycoffee_twitter_bf411a40,,0,{}
mycroft221_twitter_8b677b2f,,0,{}
mylastpagefirst_twitter_6456021b,,0,{}
myriamsabolla_twitter_69b49086,,0,{}
nachoirazoqui_twitter_33acdc66,,0,{}
nachovega_twitter_7352d4f6,,0,{}
nadenemurray_twitter_0f8d30f1,,0,{}
nakeeb_twitter_29f4c45d,,0,{}
namesjamin_twitter_d5ad5073,,0,{}
nancielovesphotography_twitter_065a5f07,,0,{}
nancypham707_twitter_fe6fe62e,,0,{}
naningutoyo_twitter_96568701,,0,{}
narendraangkita_twitter_d075531c,,0,{}
nastia_twitter_c9938788,,0,{}
natalialamange_twitter_ca9ab5dd,,0,{}
nataliamartinez_twitter_6bb9edd0,,0,{}
natbuehler_twitter_3f2a9bcc,,0,{}
natelandau_twitter_9db35525,,0,{}
natelockwood_twitter_2e5d9c6b,,0,{}
natemcgee_twitter_017c9e59,,0,{}
nathanpduffy_twitter_b3041101,,0,{}
nathanwpace_twitter_7a38d61a,,0,{}
natureboundafrica_twitter_da13ea2b,,0,{}
naturesknockout_twitter_08031169,,0,{}
natyataniarza_twitter_4ea048c4,,0,{}
naveenkonduri_twitter_8cfaa8a2,,0,{}
negegabriel_twitter_dd7378e4,,0,{}
neophillip_twitter_8ecf421f,,0,{}
neotrix_twitter_510180a4,,0,{}
nerebe_twitter_ea6e56cb,,0,{}
neridawalker_twitter_c6ef765f,,0,{}
netpierre_twitter_d3fb517c,,0,{}
nfremd_twitter_fb626c18,,0,{}
nicholaschen_twitter_f7797305,,0,{}
niciacruz_twitter_1f4f6be4,,0,{}
nickbuttler_twitter_1113e8e1,,0,{}
nickcusters_twitter_77bc3581,,0,{}
nickesteen_twitter_c844126d,,0,{}
nickfrost_twitter_53ad8d68,,0,{}
nickgaston_twitter_521e3e78,,0,{}
nickitens_twitter_0ae0f97d,,0,{}
nickjborelli_twitter_3faaa8de,,0,{}
nicklove_twitter_e028cc24,,0,{}
nickstone_twitter_7644af68,,0,{}
nicksturrock_twitter_85cfbcb0,,0,{}
nicogarassino_twitter_6bb0250d,,0,{}
nicolalosito_twitter_272602d4,,0,{}
nicolashayek_twitter_94b833ce,,0,{}
nicolatimmins_twitter_99d9a869,,0,{}
nicolejackson_twitter_4d8abc3d,,0,{}
nicolenobs_twitter_58c1224c,,0,{}
nicoletteorlemans_twitter_41c5a92f,,0,{}
nictok_twitter_b9f6144c,,0,{}
niiabbey_twitter_6cd12195,,0,{}
niisniis_twitter_50e5b3ae,,0,{}
ninjamama_twitter_6e497f15,,0,{}
nitastronauta_twitter_bea6c670,,0,{}
niuz_twitter_e3bf621f,,0,{}
nob0322_twitter_099185b9,,0,{}
nobiann_twitter_844d6b56,,0,{}
nohemimata_twitter_29bddcc7,,0,{}
normiesd_twitter_1f4b7fe3,,0,{}
nosepuedevlc_twitter_b4d4cf15,,0,{}
noslo_twitter_1d9fa785,,0,{}
nrgiga_twitter_73aac26e,,0,{}
nuakin_twitter_91590daf,,0,{}
nvarsos_twitter_0e605abd,,0,{}
nvrcrysplledmlk_twitter_fb2a3a50,,0,{}
nwinburn_twitter_a847b6d7,,0,{}
nxhack_twitter_7508144f,,0,{}
nyskye_twitter_5c6ce12e,,0,{}
nzeckner_twitter_b6eb2c3a,,0,{}
obiwan_twitter_0100753a,,0,{}
obstaclespecialist_twitter_07993d8c,,0,{}
octubrerojo72_twitter_090fe06c,,0,{}
odile_twitter_e3def1f6,,0,{}
ogie_twitter_18d9e00a,,0,{}
ohadbarda_twitter_0f323fff,,0,{}
ohme_twitter_896dae18,,0,{}
ojdurham_twitter_b99bb2fa,,0,{}
oldolphin_twitter_926afa8a,,0,{}
oleandreas_twitter_a8bf98dc,,0,{}
olegwhite_twitter_5cb7feea,,0,{}
oliviaduran_twitter_cf3e4230,,0,{}
olivierbauermeister_twitter_a2a57162,,0,{}
olivierchapelle_twitter_751d043c,,0,{}
oliviertripet_twitter_a0e342ee,,0,{}
omaralamoudi_twitter_190af9a8,,0,{}
omarc_twitter_5162d916,,0,{}
omerabdellatif_twitter_30c5f722,,0,{}
omorgan_twitter_319c2b09,,0,{}
ongzb_twitter_5bd71b79,,0,{}
onuruzunismail_twitter_d269690b,,0,{}
opsigno_twitter_a2aa9076,,0,{}
optikalefx_twitter_c1cbd22a,,0,{}
optimusdag_twitter_4d51b84a,,0,{}
oracio_twitter_fafbad18,,0,{}
oscarray_twitter_b05e106f,,0,{}
oscarsantamaria_twitter_5884d142,,0,{}
oscarsvq_twitter_87eb9830,,0,{}
osmanaymelek_twitter_4832dc23,,0,{}
oticasparis_twitter_67aa1bb4,,0,{}
otir_twitter_61b691c4,,0,{}
otterfreak_twitter_68645688,,0,{}
oulmidianas_twitter_c4dc2587,,0,{}
outfoxer_twitter_9eae65e3,,0,{}
owenye_twitter_afc62ee7,,0,{}
oyvind_twitter_50d4fd1a,,0,{}
ozamodaz_twitter_a4f52b7b,,0,{}
ozcanozgur_twitter_d24fbe70,,0,{}
pablomartino_twitter_40867ce9,,0,{}
pabloxcl_twitter_6cd7d5f8,,0,{}
pacobarranco_twitter_a3df4a4c,,0,{}
pampiiranzo_twitter_74d100d0,,0,{}
pandafoodie_twitter_9430c1e4,,0,{}
panjim_twitter_c057abb0,,0,{}
paolaroldan_twitter_1c0c06bf,,0,{}
paolofrancescosita_twitter_744f162a,,0,{}
paondart_twitter_30da7c2d,,0,{}
papatyakaradede_twitter_041b506d,,0,{}
paramoreuruguay_twitter_e064f1d5,,0,{}
parhamb_twitter_a1ad179d,,0,{}
pasqualeparisi_twitter_ad93902f,,0,{}
patmulles_twitter_d4a45cc4,,0,{}
patriciadiez_twitter_01b0a2b9,,0,{}
patriciascholz_twitter_972eac4b,,0,{}
patriciawensch_twitter_ecf14e36,,0,{}
patricklarranaga_twitter_fc094825,,0,{}
patrickrousseau_twitter_a42b1111,,0,{}
patrickthoffman_twitter_f8ed4a30,,0,{}
patricktigue_twitter_42e7edc8,,0,{}
patrizio_twitter_340142a8,,0,{}
patton_twitter_ea7a0520,,0,{}
paulamaarisa_twitter_41d9a486,,0,{}
paulasimoes_twitter_4ddd4af5,,0,{}
paulatinocotrindade_twitter_04ce9d84,,0,{}
paulbekkum_twitter_bacfaae6,,0,{}
paulcripps_twitter_5794f3d8,,0,{}
paulerland_twitter_c5dbde39,,0,{}
paulgallagher_twitter_670ebb2f,,0,{}
paulinasalazar_twitter_cd7c1d40,,0,{}
pauloschiavon_twitter_46bb3976,,0,{}
paulpereira_twitter_d58963b1,,0,{}
paulseele_twitter_d30ba527,,0,{}
paulsloan_twitter_86a09762,,0,{}
paulstickland_twitter_062ca3e5,,0,{}
pavelrakusan_twitter_fef0d880,,0,{}
pavelsmirnov_twitter_57ec179a,,0,{}
pavelvassiljev_twitter_343f30c9,,0,{}
pbrady_twitter_0bf822a0,,0,{}
pbuyle_twitter_499c6692,,0,{}
pcmello_twitter_4a25506e,,0,{}
pcrampton_twitter_9b7dbd3b,,0,{}
pedrocaeiros_twitter_bac8f149,,0,{}
pedromolleda_twitter_eb253160,,0,{}
pedroparraguez_twitter_ae4cfb25,,0,{}
pedrsn_twitter_2e952ad9,,0,{}
peggynairn_twitter_44397252,,0,{}
pellenordin_twitter_1e4fa35d,,0,{}
pena_twitter_a5fa2e7d,,0,{}
pennycheng_twitter_85cb7a5c,,0,{}
peregeis_twitter_ceadc8e4,,0,{}
perolofarnas_twitter_b60b7c47,,0,{}
perzennstrom_twitter_000e70b3,,0,{}
petehill_twitter_922d157d,,0,{}
petergiordano_twitter_a2982e07,,0,{}
peterkapakos_twitter_1423e9f1,,0,{}
peterkornaat_twitter_2e55cff2,,0,{}
peterlombard_twitter_89af999e,,0,{}
petermonbailleu_twitter_ebb3490d,,0,{}
peterplaatsman_twitter_14c6c883,,0,{}
peterwells_twitter_3355108a,,0,{}
peteste_twitter_78a2fcd7,,0,{}
petevyler_twitter_bf51893a,,0,{}
pfiel_twitter_d13649b4,,0,{}
pfrias_twitter_56b51137,,0,{}
pgerngross_twitter_2d87bfaa,,0,{}
phi303_twitter_9b4ef46a,,0,{}
philackley_twitter_db6abab9,,0,{}
phoenixartistry_twitter_e84ef013,,0,{}
photoblogger_twitter_72c3f38f,,0,{}
photographybypixie_twitter_9f55d7ac,,0,{}
photosoldier860_twitter_a0952e14,,0,{}
phuzylogik_twitter_88ccdadf,,0,{}
pierreedouardschmitt_twitter_049e6b75,,0,{}
pinkcakebox_twitter_f89298d8,,0,{}
pinkuneko_twitter_08f2e588,,0,{}
pjbeyer_twitter_e624f6d2,,0,{}
plastikstuhl_twitter_66c575dd,,0,{}
platinumvoicepr_twitter_3cbfdb4c,,0,{}
pmilleredu_twitter_e938cfb7,,0,{}
pmoa_twitter_76242946,,0,{}
poetyca_twitter_cae2d8d4,,0,{}
pokipsie_twitter_e12411bd,,0,{}
pon_twitter_dba18bbf,,0,{}
poohkohawaii_twitter_ca6269be,,0,{}
pqhoang_twitter_73f81056,,0,{}
pressnet_twitter_867a1654,,0,{}
prestonpardy_twitter_a3c0791b,,0,{}
prettypinkponies_twitter_72ad8af8,,0,{}
prissajean_twitter_5fd73307,,0,{}
producimosideas_twitter_212ddf3b,,0,{}
pugin_twitter_5b43b36d,,0,{}
punzoo_twitter_f3fbff89,,0,{}
purinek2_twitter_08993a51,,0,{}
putuebo_twitter_60c06ca6,,0,{}
queenesther_twitter_fc161a71,,0,{}
r3d_twitter_4f8f6293,,0,{}
raccettura_twitter_03b8e3be,,0,{}
rachaelbeauty_twitter_a98f4199,,0,{}
rachelrvincent_twitter_ad04c43a,,0,{}
rachelzevita_twitter_5a009021,,0,{}
radiomann1_twitter_2b83014d,,0,{}
rafacama_twitter_89aa43d7,,0,{}
rafaelbustamante_twitter_9536a06a,,0,{}
rafaelochoa_twitter_3b3d8300,,0,{}
rahmatmh_twitter_c5ad04db,,0,{}
rahsheen_twitter_caa200c8,,0,{}
ralphdepagter_twitter_f73f25ff,,0,{}
ramizahrahman_twitter_43ee1c14,,0,{}
randomandodd_twitter_458aedd9,,0,{}
randyrichter_twitter_dbfaeb22,,0,{}
ranjiththomas_twitter_230780f5,,0,{}
rappler_twitter_53cb9f7c,,0,{}
rappscott_twitter_bbed4b67,,0,{}
raquelsotollacer_twitter_12199d1e,,0,{}
raquelvillarreal_twitter_46100a2f,,0,{}
raulk_twitter_b2e1fb92,,0,{}
ravenlynch_twitter_833f63c6,,0,{}
ravidor_twitter_f1297781,,0,{}
ravimohan2_twitter_4e907de9,,0,{}
raychang_twitter_246877b6,,0,{}
rayhowe_twitter_15fd19b5,,0,{}
raymondwyu_twitter_a9a6a921,,0,{}
razshafer_twitter_510c575f,,0,{}
rbanffy_twitter_4ded632f,,0,{}
rdeva_twitter_66ca81e8,,0,{}
rdhnk9_twitter_2e9c1845,,0,{}
rdvnfrtn_twitter_39d3e267,,0,{}
rebeccamaguire_twitter_20fc4e30,,0,{}
rebeccateldja_twitter_fcb9e061,,0,{}
redphone_twitter_da97e782,,0,{}
regtiangha_twitter_486605e4,,0,{}
relixvariety_twitter_6bfb7cff,,0,{}
remyandella_twitter_cce38f7d,,0,{}
renelego_twitter_8520103d,,0,{}
reportertim_twitter_bdc45172,,0,{}
reuscher_twitter_9128dd4a,,0,{}
rheyankaj_twitter_ca76f1ac,,0,{}
rhoinkes_twitter_4514aaf0,,0,{}
ricardoanton_twitter_db73ee54,,0,{}
ricardopadilha_twitter_28f7db1e,,0,{}
ricardosalgado_twitter_a67a52c7,,0,{}
riccardoghignoni_twitter_0246b5cb,,0,{}
richardajacobson_twitter_669b64f2,,0,{}
richardharrington_twitter_890f5870,,0,{}
richardterborg_twitter_47c1ff50,,0,{}
richardthomson_twitter_49751783,,0,{}
richtosi_twitter_d7781694,,0,{}
rickcaffeinated_twitter_85c47b88,,0,{}
rickycain_twitter_5a0c8795,,0,{}
rickzwiep_twitter_f48cb7c4,,0,{}
ricmccoy_twitter_29323cbf,,0,{}
ricseedbluebubbledesign_twitter_efa0c588,,0,{}
riefaja_twitter_2d16af9e,,0,{}
rielax_twitter_287e6b5a,,0,{}
rieramadhaanie_twitter_95559c04,,0,{}
rikardohj_twitter_e49d3023,,0,{}
rjacquez_twitter_165247fa,,0,{}
rjjaramillo_twitter_5bc60093,,0,{}
rjudas_twitter_03f2fc9d,,0,{}
rkellyga_twitter_e84def54,,0,{}
rmichaelbrown_twitter_37dad87f,,0,{}
rmorrison_twitter_c2e7acd2,,0,{}
roadzy_twitter_5a48972f,,0,{}
roannarupinta_twitter_47ddc520,,0,{}
robaris_twitter_b94a33a2,,0,{}
robboudon_twitter_ab47cc4d,,0,{}
robertbadillo_twitter_3931cd30,,0,{}
robertbarney_twitter_bf04aa53,,0,{}
robertbirnie_twitter_55171ca6,,0,{}
robertjonathan_twitter_b4517402,,0,{}
robertschueler_twitter_2f8881ef,,0,{}
robingood_twitter_f96a762c,,0,{}
robinhassan_twitter_02921c0b,,0,{}
robkrueger_twitter_231481d6,,0,{}
robmoses_twitter_87da1a79,,0,{}
robnelson_twitter_6bdaab25,,0,{}
robseaver_twitter_583d116a,,0,{}
robwillington_twitter_df32046c,,0,{}
robwoodbridge_twitter_b895da06,,0,{}
rockaz_twitter_5be5ad2e,,0,{}
rockstarmomlv_twitter_3543907c,,0,{}
rockyvy_twitter_f4a4b184,,0,{}
rodmeier_twitter_626598c4,,0,{}
rodmilam_twitter_5b9ca20b,,0,{}
rodrigoluna_twitter_8e25c865,,0,{}
rogerbalettie_twitter_eadbce86,,0,{}
rogerellman_twitter_36e3371c,,0,{}
rohnjay_twitter_ef2597d2,,0,{}
roh_twitter_a365eef8,,0,{}
rolfek_twitter_90986cb9,,0,{}
romcalbc_twitter_5cca21d8,,0,{}
rommiej_twitter_84d0147a,,0,{}
romulocostacurta_twitter_eccaed7c,,0,{}
romybeatwriter_twitter_008d2f8b,,0,{}
ronaldomanga_twitter_37eae251,,0,{}
roncaglia_twitter_a787050e,,0,{}
ronlute_twitter_46e29637,,0,{}
ronron607_twitter_c9c85270,,0,{}
ronsela_twitter_ff050895,,0,{}
roook_twitter_28bfed5e,,0,{}
roseannefoxx_twitter_a38b57ef,,0,{}
rositaxx_twitter_b7059a67,,0,{}
rousso_twitter_59e84726,,0,{}
rowdyfolk_twitter_a2a538da,,0,{}
roxipappa_twitter_e1520ccf,,0,{}
roybird_twitter_2534c68d,,0,{}
roysteele_twitter_b6d88bf1,,0,{}
royterp_twitter_28a40299,,0,{}
rscpics_twitter_81eb30db,,0,{}
ru0905_twitter_9635c14e,,0,{}
ruanalmeida_twitter_0318eba0,,0,{}
rubenbrave_twitter_2d5e3366,,0,{}
rubenmascarophotography_twitter_756b0938,,0,{}
rubodewig_twitter_fa89137d,,0,{}
rude64_twitter_4648b5b3,,0,{}
rudestan_twitter_24dad8be,,0,{}
russellvjward_twitter_5725bf3f,,0,{}
russpond_twitter_d8977b8b,,0,{}
ryanfrazier_twitter_bdfd301a,,0,{}
ryanjgoodman_twitter_8e97ae97,,0,{}
ryanketterman_twitter_07c376be,,0,{}
ryanlmurphy_twitter_2b3497cd,,0,{}
ryanott_twitter_eddc944e,,0,{}
ryanporter_twitter_f50df5a3,,0,{}
ryanthompson_twitter_c403efec,,0,{}
s0uls_twitter_354cae4f,,0,{}
s1lentb0buk_twitter_65fe0dc6,,0,{}
sabrinamiso_twitter_075c6b5e,,0,{}
sachaqs_twitter_510fc552,,0,{}
sachiyokojima_twitter_73509f19,,0,{}
sacpetsits_twitter_89d93487,,0,{}
saeedalmenhali_twitter_96067146,,0,{}
sahithi_twitter_4b77fa07,,0,{}
sakshamgumber_twitter_8aecaf3b,,0,{}
salikov_twitter_2605b0dc,,0,{}
salinasmx_twitter_f156d5af,,0,{}
samanthaholloway_twitter_787a8b35,,0,{}
samarb_twitter_b73a7536,,0,{}
sambassman_twitter_b32456fa,,0,{}
samipage_twitter_5bdde226,,0,{}
samuelmartinx_twitter_07e75f74,,0,{}
samuelreis_twitter_6206dfd4,,0,{}
samuelstrickland_twitter_cf56073d,,0,{}
samwhite_twitter_4bfb88bb,,0,{}
sanahsayani_twitter_0ff44974,,0,{}
sanderdatema_twitter_b21c3162,,0,{}
sanderterhaar_twitter_b6dde02f,,0,{}
sandieterenzisellshomescom_twitter_6c6fcd84,,0,{}
saniday_twitter_c7d20258,,0,{}
sanpedrohotelspa_twitter_01abb6dd,,0,{}
santayanapower_twitter_d86bdf33,,0,{}
sanurasnowpaw_twitter_7076f8ec,,0,{}
sarahemiline_twitter_685fdc01,,0,{}
sarahjones_twitter_fb2dffb4,,0,{}
saratpollock_twitter_09423e27,,0,{}
sarito_twitter_d89bbaa5,,0,{}
satoryasuga_twitter_1a945fe9,,0,{}
satotaka_twitter_7cd90995,,0,{}
saurospagnol_twitter_70707e7e,,0,{}
saviodemartino_twitter_03e07da9,,0,{}
scesini_twitter_cd27e127,,0,{}
scg33esp_twitter_b8d5fed8,,0,{}
scherem_twitter_4ba05b29,,0,{}
scherka_twitter_60e80184,,0,{}
scherre_twitter_b8044559,,0,{}
schlossneubeuern_twitter_a8d60970,,0,{}
schneidan_twitter_4bccaae4,,0,{}
scholzeralph_twitter_567d5449,,0,{}
scottbellisario_twitter_6b9613f9,,0,{}
scottellisonphotography_twitter_d09444e9,,0,{}
scottjwalter_twitter_a0b333a6,,0,{}
scottycze_twitter_a905f428,,0,{}
scoutshonor_twitter_7d05be4e,,0,{}
scowie_twitter_54596923,,0,{}
seancoyne_twitter_af76f774,,0,{}
seanmcmenemy_twitter_4f379188,,0,{}
sebastianjimenez_twitter_cb18ed4f,,0,{}
sebastianlofvall_twitter_4de2ef38,,0,{}
sebastianmueller_twitter_31cad4df,,0,{}
sebastienbarre_twitter_8727d673,,0,{}
sebgonza_twitter_4554e722,,0,{}
sebhawker_twitter_83feb5e2,,0,{}
seerickson_twitter_0adf8381,,0,{}
sekarkhatulistiwa_twitter_0f4bad4e,,0,{}
semilla_twitter_6a9e442f,,0,{}
seraphim_twitter_155311ef,,0,{}
sercanparan_twitter_46778234,,0,{}
serdarbarut_twitter_8e2c5044,,0,{}
sergeioarroyo_twitter_98a6c9df,,0,{}
sergioelizondomora_twitter_0e693dee,,0,{}
sergiopellico_twitter_b5076bbc,,0,{}
sergiovenuto_twitter_87107233,,0,{}
serra_twitter_e0b02472,,0,{}
serveure_twitter_c8cd06e4,,0,{}
sfharper_twitter_5c03a1a9,,0,{}
sfy_twitter_870e1700,,0,{}
shalahbowden_twitter_66643dc5,,0,{}
shanedesloges_twitter_a6c7ec69,,0,{}
shanestokes_twitter_cd0e5f82,,0,{}
shanewalter_twitter_4848e3a1,,0,{}
shanmoorthy_twitter_9cc764a6,,0,{}
shannonedris_twitter_a35b0c8b,,0,{}
shannonkelley_twitter_4f282eba,,0,{}
sharonpianchan_twitter_f21c6061,,0,{}
shaunsimpson_twitter_dbb37e18,,0,{}
shawnalholman_twitter_25eaa3b1,,0,{}
shawnday_twitter_d272ef74,,0,{}
shawnmor_twitter_151d4235,,0,{}
shaymfa_twitter_acfba946,,0,{}
shazasalem_twitter_3373906a,,0,{}
sheanroberts_twitter_de38c31c,,0,{}
shehannf_twitter_f2a41450,,0,{}
shelleysanders_twitter_dc8f6027,,0,{}
shelleywest_twitter_61b58e80,,0,{}
sherekaan_twitter_1b40f342,,0,{}
sherifhany_twitter_e623be40,,0,{}
sherrytrueself_twitter_47d6d530,,0,{}
shibuibrahim_twitter_a729b460,,0,{}
shintaroabe_twitter_54652463,,0,{}
shonhughes_twitter_32ffc4f1,,0,{}
shortformelissa_twitter_c816f818,,0,{}
shugo_twitter_b75d733b,,0,{}
siam_twitter_2f6bc02a,,0,{}
sicarpv_twitter_7f65caca,,0,{}
sidali_twitter_3f20d524,,0,{}
sidede_twitter_6e1291ea,,0,{}
sidsel_twitter_a6ed81dd,,0,{}
signhk_twitter_8a31cd7b,,0,{}
sigurdson_twitter_aaf9310a,,0,{}
siguy_twitter_7a082433,,0,{}
silviabriano_twitter_fe2df68f,,0,{}
silviafattori_twitter_785a0bfe,,0,{}
silviafoglia_twitter_ba2e0628,,0,{}
simonemccallum_twitter_6dc52e31,,0,{}
sio_twitter_e4fe1bbc,,0,{}
sirmmo_twitter_979a3b13,,0,{}
sitiodascitacoes_twitter_990ce278,,0,{}
skyjunior203_twitter_15d43683,,0,{}
skypanther_twitter_7276169d,,0,{}
slakker9_twitter_c1339ec6,,0,{}
smediabutterfly_twitter_f8d8e133,,0,{}
smokinronniehalcomb_twitter_42a33e45,,0,{}
sniyazov_twitter_4291a9e8,,0,{}
snowhole_twitter_23b3bd2b,,0,{}
socialcrm_twitter_5f42be80,,0,{}
socialleslie_twitter_0ba98e23,,0,{}
societychurch_twitter_7acf9a45,,0,{}
soenarko_twitter_8a1d2dbf,,0,{}
sohochoc_twitter_cecc26d1,,0,{}
sokazo_twitter_fe9d55dd,,0,{}
sokrekl_twitter_fd2f69d2,,0,{}
solomonbrothers_twitter_75bbc695,,0,{}
soloseba_twitter_2bae5a18,,0,{}
solutionsinla_twitter_41b98303,,0,{}
sommercollier_twitter_4181036f,,0,{}
soniagennaro_twitter_1059f0c7,,0,{}
soniapolacci_twitter_9a32f1e7,,0,{}
sonic010739_twitter_c314e540,,0,{}
sonnyellar_twitter_a9df2e9d,,0,{}
sorayasantos_twitter_2bd2b9ae,,0,{}
sorgenia_twitter_353a49c5,,0,{}
soulsailor_twitter_cbe10188,,0,{}
soundroll_twitter_f83af302,,0,{}
soyoscar_twitter_4b8f6428,,0,{}
spacefoxstudio_twitter_1003bd92,,0,{}
speakingbadger_twitter_145a24ed,,0,{}
srcalypsoo_twitter_1696e34c,,0,{}
sroyer_twitter_c7ac23eb,,0,{}
ssalazars_twitter_c57bdce4,,0,{}
ssofia_twitter_2c4b2da8,,0,{}
staboada_twitter_e377a5c0,,0,{}
stacysanchez_twitter_c271be91,,0,{}
stefanocannizzaro_twitter_f2a1d53f,,0,{}
stefanogiudici_twitter_b2da153b,,0,{}
stefanwoldekidan_twitter_46abbc88,,0,{}
stenmartin_twitter_8126b74f,,0,{}
stephaniebogus_twitter_ed151cce,,0,{}
stephaniemaxwell_twitter_25ad05ec,,0,{}
stephaniemcd_twitter_b55ff373,,0,{}
stephanieowen_twitter_64775330,,0,{}
stephanlendl_twitter_e785495d,,0,{}
stephenalee_twitter_b10d757e,,0,{}
stephenbarr_twitter_b036364f,,0,{}
stephenbonner_twitter_e0fd2ee6,,0,{}
stephend3_twitter_d359aaea,,0,{}
stephenitis_twitter_2e8ded5c,,0,{}
stephenjscott_twitter_4438a161,,0,{}
stephenmillard_twitter_3f879dbd,,0,{}
stephenwells_twitter_efd0c92e,,0,{}
stephintoronto_twitter_30066e51,,0,{}
stephlauren_twitter_bc00ac3b,,0,{}
stevegarfield_twitter_4da1e447,,0,{}
stevei_twitter_3434df97,,0,{}
stevenabittan_twitter_6890a36e,,0,{}
stevencullifer_twitter_1b14998d,,0,{}
stevendamron_twitter_e3588812,,0,{}
stevenlarson_twitter_f76c0661,,0,{}
steventjones_twitter_c7fcbb8d,,0,{}
steveweston_twitter_7b49659d,,0,{}
stewarthayes_twitter_26887e93,,0,{}
stickgrinder_twitter_d6a61627,,0,{}
stoneyxl_twitter_a41eb6b2,,0,{}
stormy86_twitter_f017a36b,,0,{}
strawfish_twitter_e457cda8,,0,{}
stregato86_twitter_414150b0,,0,{}
stuarthiggs_twitter_701a28c1,,0,{}
studiomiguel_twitter_87356f2a,,0,{}
stuttgarter_twitter_c272cfe7,,0,{}
sucio_twitter_00399805,,0,{}
sudol_twitter_93fa21ea,,0,{}
sueblack_twitter_621aa64e,,0,{}
sugabetic_twitter_a1df951c,,0,{}
sukhighuman_twitter_6f0acd9e,,0,{}
sultangfx_twitter_139c3f72,,0,{}
sunanulhuda_twitter_6f93a57d,,0,{}
suneeshlal_twitter_ff77713d,,0,{}
sungoddess_twitter_0a1b76c5,,0,{}
sunshinessui_twitter_1a98dbed,,0,{}
sunupermana_twitter_5502fa04,,0,{}
supersupersuper_twitter_dbb72d1b,,0,{}
susanaayala_twitter_96ef1c13,,0,{}
susannahseefeldt_twitter_67ef4f49,,0,{}
susanrapp_twitter_05460e2a,,0,{}
susanscrupski_twitter_d2c87a79,,0,{}
suvrobanerji_twitter_ee423a98,,0,{}
suzannecourtney_twitter_19ddb761,,0,{}
svilen_twitter_983fb4c4,,0,{}
swarmster_twitter_4ec52488,,0,{}
swellsbennett_twitter_82a40c8e,,0,{}
swism_twitter_75bb6ed4,,0,{}
swissmountainleader_twitter_e1da210a,,0,{}
syedrushda_twitter_540554b2,,0,{}
symonchow_twitter_c66b5d30,,0,{}
syntasium_twitter_a1f5cfa6,,0,{}
tadd31_twitter_580802a9,,0,{}
taeff_twitter_e53f71b1,,0,{}
tahoe58_twitter_5515ce6a,,0,{}
talintyre_twitter_5fa93778,,0,{}
talrasha_twitter_25a67244,,0,{}
tanguymignot_twitter_a52e1025,,0,{}
taniagarron_twitter_787b579d,,0,{}
tanyagagnon_twitter_e6c17cf4,,0,{}
tapps_twitter_9b3c70de,,0,{}
tassoskapernekas_twitter_88c5d10b,,0,{}
tatianaavdjiev_twitter_3103b95a,,0,{}
taymoor_twitter_0446059e,,0,{}
tearyeyezs_twitter_63448b11,,0,{}
tedmihu_twitter_0edc169c,,0,{}
tedr_twitter_fa80e28c,,0,{}
tele_twitter_9519f294,,0,{}
tellurideblues_twitter_c61b253d,,0,{}
telmamelo_twitter_4f6c9e62,,0,{}
terrahambly_twitter_91da4cf1,,0,{}
terricoles_twitter_c0e08298,,0,{}
tessadufresne_twitter_a2a35a41,,0,{}
thalitasantos_twitter_3d9b9330,,0,{}
thanhnkh_twitter_e03e6bd0,,0,{}
thanser_twitter_39863a8a,,0,{}
thatgirlmegan_twitter_617e3a5f,,0,{}
thecomfortoutlet_twitter_3793746d,,0,{}
thecuriouscreative_twitter_41cd347c,,0,{}
thedanieljsmith_twitter_1235a678,,0,{}
thedudedean_twitter_37398770,,0,{}
thegadgeteur_twitter_72937d4f,,0,{}
thejeff_twitter_262022f8,,0,{}
thejennafox_twitter_4f956c3d,,0,{}
thejennylam_twitter_c89a201c,,0,{}
themichaelshane_twitter_1e6bea78,,0,{}
themiscfiles_twitter_d27b4324,,0,{}
theoryoferin_twitter_8d398912,,0,{}
thepanda_twitter_06168571,,0,{}
thereadingcircle01_twitter_d81e2dbf,,0,{}
theresag_twitter_ce7c639f,,0,{}
thesimonharris_twitter_465c1c45,,0,{}
thexwarrior_twitter_1b18fc62,,0,{}
thiagobusse_twitter_1c290eba,,0,{}
thierryocho_twitter_193917dc,,0,{}
thierryweber_twitter_fee183a2,,0,{}
thinkpositive_twitter_a0e1c2aa,,0,{}
thinzaroo_twitter_b117c631,,0,{}
thisgunforhire_twitter_fc8346b9,,0,{}
thomaskeup_twitter_0031c401,,0,{}
thomasmarcusgeorge_twitter_73d82e03,,0,{}
thomasosborne_twitter_7cf9d0c7,,0,{}
thomaspleil_twitter_7e69bffd,,0,{}
thomasseifert_twitter_71ecf510,,0,{}
thompsontanya_twitter_b4546d5b,,0,{}
thorstenbastian_twitter_7e543edb,,0,{}
threedot_twitter_094ef3d3,,0,{}
tiagohiroshi_twitter_7b709740,,0,{}
tiffanyff_twitter_ed05c88a,,0,{}
timbr_twitter_c3a4010c,,0,{}
timgolden_twitter_2310daee,,0,{}
timhoward_twitter_16cb4c45,,0,{}
timnewsome_twitter_07cdd4f9,,0,{}
timolsen_twitter_a0155da1,,0,{}
timothyalexander_twitter_50f69f1e,,0,{}
timothydahl_twitter_7a48ccfa,,0,{}
timothyjohn_twitter_5f65026d,,0,{}
timothylmooney_twitter_353e9b2e,,0,{}
timothyryan_twitter_9e971c95,,0,{}
timpowell_twitter_69e07ee7,,0,{}
timryan67_twitter_b6da0d97,,0,{}
tinrocket_twitter_10309275,,0,{}
tjanderson_twitter_3608955f,,0,{}
tks_twitter_f0b02230,,0,{}
tlindorfer_twitter_72ed5a43,,0,{}
tnsuarez_twitter_7bbdf08d,,0,{}
toddebert_twitter_0f4594b9,,0,{}
toledoscanner_twitter_38786b30,,0,{}
tomasfragoso_twitter_8bac8333,,0,{}
tomkeenebloomberg_twitter_3a766ce7,,0,{}
tomkenyon_twitter_ebf27878,,0,{}
tommyflovildengebretsen_twitter_a9f6a85d,,0,{}
tommyoshima_twitter_a80a1af3,,0,{}
tommyp_twitter_8a8d6073,,0,{}
tommyudo_twitter_b3636396,,0,{}
tommywhitty_twitter_a193cb70,,0,{}
tomparadiso_twitter_fc2b8ad4,,0,{}
tomromano_twitter_1c7b2977,,0,{}
tomviturino_twitter_7bf59f6a,,0,{}
tonyveroeven_twitter_e8065ae5,,0,{}
tooti_twitter_8d4dda64,,0,{}
topher5_twitter_f1df05c0,,0,{}
torid_twitter_9d86f47d,,0,{}
toriegehlmeyer_twitter_8301441d,,0,{}
torreyn_twitter_e7df9a1f,,0,{}
traced_twitter_328be1fb,,0,{}
tracidavis_twitter_cf672d04,,0,{}
tranceh2_twitter_3dae425d,,0,{}
tranericvu_twitter_4d9abf55,,0,{}
trezzaalfonso_twitter_917d9feb,,0,{}
tristantiteux_twitter_24631579,,0,{}
tronathan_twitter_ba11ea36,,0,{}
tselliott_twitter_a6c500b8,,0,{}
tuesdaygirl_twitter_bd174bec,,0,{}
tugak_twitter_f4b762c6,,0,{}
turbidsoul_twitter_fdfcd5a2,,0,{}
turieco_twitter_9ff697f1,,0,{}
turnerburns_twitter_451e192f,,0,{}
tuubagul_twitter_ac902216,,0,{}
tuyetanh_twitter_d1aaf2ac,,0,{}
twool9_twitter_483dc28f,,0,{}
tylerkessler_twitter_da056af8,,0,{}
tyroneeaton_twitter_7e691ea9,,0,{}
ube17_twitter_06b1e418,,0,{}
ubskur_twitter_25133884,,0,{}
ucedaman_twitter_8c3735b8,,0,{}
ucmusicdoc_twitter_7f3182e3,,0,{}
udomichelcuria_twitter_808f1bcb,,0,{}
uhachefe_twitter_838b24a2,,0,{}
uk01speed_twitter_dd6ca754,,0,{}
ullyses_twitter_b00540b6,,0,{}
ulrichraab_twitter_d4e62bf4,,0,{}
umarquez_twitter_99cdc00d,,0,{}
urmilesh_twitter_2f78e105,,0,{}
usmanarif_twitter_64ca021c,,0,{}
usuyu_twitter_e44e3077,,0,{}
utkuozturk_twitter_4ca2a0b4,,0,{}
uvmann_twitter_15024e57,,0,{}
vaduvaiulian_twitter_f00b3d32,,0,{}
valentinaspoto_twitter_27cd61b9,,0,{}
valentinthirion_twitter_28dbf126,,0,{}
valiuh_twitter_a4ec3ab6,,0,{}
vanessajeny_twitter_263a2a85,,0,{}
vanhci_twitter_6612157d,,0,{}
varunpramanik_twitter_316e24a3,,0,{}
vaseem_twitter_bf4ccac7,,0,{}
vegasbloggers_twitter_d682b714,,0,{}
vehiclehistory_twitter_411972e7,,0,{}
venicebeachstyl_twitter_e21ab02b,,0,{}
venkatsrao_twitter_b046038e,,0,{}
verygoodservice_twitter_4b5b7bd6,,0,{}
vicaso_twitter_4ffb9f31,,0,{}
vicdiaz_twitter_1ef7d7aa,,0,{}
vicentenadal_twitter_b732b452,,0,{}
vickiayala_twitter_c5c506bb,,0,{}
vickiewyman_twitter_fcfc0d57,,0,{}
victorhgtzr_twitter_b668a107,,0,{}
victoriaborja_twitter_4b23b9f1,,0,{}
victoriafield_twitter_bf9f8044,,0,{}
victormlgh_twitter_ea8aca98,,0,{}
victorruben_twitter_d222348d,,0,{}
vigerpersinger_twitter_a0e4bdfc,,0,{}
vikashkrgupta_twitter_4ad641e9,,0,{}
villy_twitter_33fdaf21,,0,{}
vilterpanitz_twitter_da72191a,,0,{}
vincenza_twitter_4984a525,,0,{}
vincenzopallotta_twitter_45a109d3,,0,{}
vinitmevada_twitter_7d37c73c,,0,{}
vinothnatarajan_twitter_3e0e0e9b,,0,{}
virajt_twitter_d74e1f60,,0,{}
virandesilva_twitter_2060829d,,0,{}
virgilalonso_twitter_ccf2e09f,,0,{}
visualem_twitter_e9b8af89,,0,{}
vitamingc_twitter_6192afc5,,0,{}
vivekreddy_twitter_32a6427f,,0,{}
vivienchan_twitter_be64b911,,0,{}
vizcacha_twitter_7dcfa0a4,,0,{}
vlasenko_twitter_35d903ac,,0,{}
volkovroman_twitter_c384bd3e,,0,{}
vonoiral_twitter_eec6b68b,,0,{}
voreshkov_twitter_09f11d71,,0,{}
voyta_twitter_f57b3450,,0,{}
wadolfo_twitter_03d809da,,0,{}
wakelight_twitter_92f83399,,0,{}
wakingsaints_twitter_4487f6fb,,0,{}
walterburton_twitter_8294bb6d,,0,{}
wangtianweijtwd_twitter_2d305898,,0,{}
warrenknight_twitter_7c6739f4,,0,{}
wautierent_twitter_57106352,,0,{}
wcntransmedia_twitter_c7ac5c62,,0,{}
webnelly_twitter_a81c6e1c,,0,{}
websenat_twitter_0c41abc3,,0,{}
weirdeetz_twitter_fddae116,,0,{}
wendimitchell_twitter_11c9fcc1,,0,{}
wendymccullar_twitter_f4b87fd7,,0,{}
wendyrollins_twitter_e40dcb00,,0,{}
wendytownley_twitter_012027b1,,0,{}
wesgrubbs_twitter_5585977b,,0,{}
wesleybackhouse_twitter_272ac37e,,0,{}
wesleycruise_twitter_43c1fc38,,0,{}
whfrank_twitter_9d06ac3d,,0,{}
whoyer_twitter_6755e96c,,0,{}
wideawakeness_twitter_bca8d2f9,,0,{}
wilberthleo_twitter_78fac8e3,,0,{}
wildcatwearhouse_twitter_dc4d67e1,,0,{}
wilkasg_twitter_5c979682,,0,{}
willblackford_twitter_0cd09853,,0,{}
williamdavieson_twitter_2087a25d,,0,{}
windyjonas_twitter_c197ec75,,0,{}
winniee_twitter_08a20a63,,0,{}
wirava_twitter_792ce1cf,,0,{}
wooddickinson_twitter_e923b7f6,,0,{}
woogybeef_twitter_17b2399b,,0,{}
wrightscs_twitter_905074ad,,0,{}
wrry_twitter_b272cfc6,,0,{}
ww1way_twitter_b1114607,,0,{}
wwwgoherbeu_twitter_b2f92f88,,0,{}
xavigaya_twitter_f2ece4fb,,0,{}
xavilife_twitter_59448006,,0,{}
xianyangwong_twitter_e7b619a0,,0,{}
yackeroeni_twitter_aabe6f61,,0,{}
yannispatras_twitter_ad579ce1,,0,{}
yaolu_twitter_7296abee,,0,{}
yasirnasir_twitter_c7d9354f,,0,{}
yatirido_twitter_3b6db0c0,,0,{}
ybenami_twitter_8bfbb530,,0,{}
ycnex_twitter_9ff158ad,,0,{}
yimozhang_twitter_23657583,,0,{}
yitsushi_twitter_2f72871e,,0,{}
ynprojectsoundcreator_twitter_93ae1723,,0,{}
yogasonry_twitter_c2b541a9,,0,{}
yogurinha_twitter_85747e47,,0,{}
yopefonic_twitter_baa7e4ec,,0,{}
yoshichika_twitter_845faecb,,0,{}
yosoysyt_twitter_549f160a,,0,{}
youngowen_twitter_ce7501da,,0,{}
yoyodre_twitter_8e817df7,,0,{}
yudik_twitter_8e3f2d19,,0,{}
yuliakatkova_twitter_8922f143,,0,{}
yusukeito_twitter_87eba658,,0,{}
yuyolarrazabal_twitter_d382c010,,0,{}
zableckis_twitter_3a15f9bb,,0,{}
zacharycrockett_twitter_e7f8d6d7,,0,{}
zackpund_twitter_b57106bc,,0,{}
zafra30_twitter_32e57b62,,0,{}
zahagc_twitter_78ed2f39,,0,{}
zaidilfirza_twitter_812c3b85,,0,{}
zaneriley_twitter_b8e810a8,,0,{}
zeluiscorreia_twitter_0f524fa8,,0,{}
zenabowli_twitter_9c078a57,,0,{}
zennie62_twitter_97386b3d,,0,{}
zenoskyline_twitter_5229e190,,0,{}
zepio_twitter_6ecff86e,,0,{}
zeravlar_twitter_efb35d9d,,0,{}
zero27_twitter_a202a97d,,0,{}
zgr213_twitter_35c423b4,,0,{}
zhimera_twitter_e7ae4884,,0,{}
zia505_twitter_8ee82f97,,0,{}
ziera_twitter_1eb26228,,0,{}
zigah_twitter_d3c9e5f0,,0,{}
zippyonline_twitter_e77ad2b2,,0,{}
zjonquil_twitter_dfca4508,,0,{}
zlatko_twitter_a3024647,,0,{}
zoedphotography_twitter_2720dc29,,0,{}
zoelaycock_twitter_bf617d8c,,0,{}
zouyuefen_twitter_d0c6c843,,0,{}
zwirwel_twitter_e3337274,,0,{}
