experiment,seed,generation,objective_val_cost,val_cost,t_m,t_r,c_promote,c_demote
GB-18-GA,7,0,276.1,634.1,0.9808,0.6518,0.9894,0.354
GB-18-GA,7,1,276.1,634.1,0.9808,0.6518,0.9894,0.354
GB-18-GA,7,2,275.12,633.12,0.9808,0.6518,0.9597,0.3458
GB-18-GA,7,3,275.12,633.12,0.9808,0.6518,0.9597,0.3458
GB-18-GA,7,4,275.0,633.0,0.9808,0.6242,0.9541,0.3487
GB-18-GA,7,5,274.98,632.98,0.9742,0.6542,0.9541,0.3487
GB-18-GA,7,6,274.98,632.98,0.9742,0.6542,0.9541,0.3487
GB-18-GA,7,7,262.64,620.64,0.9846,0.5913,0.9541,0.3534
GB-18-GA,7,8,259.78,617.78,0.9748,0.5704,0.9541,0.2966
GB-18-GA,7,9,254.84,612.84,0.9742,0.5575,0.9567,0.3409
GB-18-GA,7,10,254.84,612.84,0.9742,0.5575,0.9567,0.3409
GB-18-GA,7,11,254.84,612.84,0.9742,0.5575,0.9567,0.3409
GB-18-GA,7,12,254.84,612.84,0.9742,0.5575,0.9567,0.3409
GB-18-GA,7,13,254.84,612.84,0.9742,0.5575,0.9567,0.3409
GB-18-GA,7,14,254.84,612.84,0.9742,0.5575,0.9567,0.3409
GB-18-GA,7,15,254.84,612.84,0.9742,0.5575,0.9567,0.3409
GB-18-GA,7,16,254.84,612.84,0.9742,0.5575,0.9567,0.3409
GB-18-GA,7,17,254.84,612.84,0.9742,0.5575,0.9567,0.3409
GB-18-GA,7,18,254.84,612.84,0.9742,0.5575,0.9567,0.3409
GB-18-GA,7,19,254.84,612.84,0.9742,0.5575,0.9567,0.3409
GB-18-GA,7,20,254.84,612.84,0.9742,0.5575,0.9567,0.3409
GB-18-GA,7,21,254.84,612.84,0.9742,0.5575,0.9567,0.3409
GB-18-GA,7,22,254.84,612.84,0.9742,0.5575,0.9567,0.3409
GB-18-GA,7,23,254.84,612.84,0.9742,0.5575,0.9567,0.3409
GB-18-GA,7,24,254.84,612.84,0.9742,0.5575,0.9567,0.3409
GB-18-GA,7,25,254.84,612.84,0.9742,0.5575,0.9567,0.3409
GB-18-GA,7,26,254.84,612.84,0.9742,0.5575,0.9567,0.3409
GB-18-GA,7,27,254.84,612.84,0.9742,0.5575,0.9567,0.3409
GB-18-GA,7,28,254.84,612.84,0.9742,0.5575,0.9567,0.3409
GB-18-GA,7,29,254.84,612.84,0.9742,0.5575,0.9567,0.3409
GB-18-GA,7,30,254.84,612.84,0.9742,0.5575,0.9567,0.3409
GB-18-GA,7,31,254.84,612.84,0.9742,0.5575,0.9567,0.3409
GB-18-GA,7,32,254.84,612.84,0.9742,0.5575,0.9567,0.3409
GB-18-GA,7,33,254.84,612.84,0.9742,0.5575,0.9567,0.3409
GB-18-GA,7,34,254.84,612.84,0.9742,0.5575,0.9567,0.3409
GB-18-GA,7,35,254.84,612.84,0.9742,0.5575,0.9567,0.3409
GB-18-GA,7,36,254.84,612.84,0.9742,0.5575,0.9567,0.3409
GB-18-GA,7,37,254.84,612.84,0.9742,0.5575,0.9567,0.3409
GB-18-GA,7,38,254.84,612.84,0.9742,0.5575,0.9567,0.3409
GB-18-GA,7,39,254.84,612.84,0.9742,0.5575,0.9567,0.3409
GB-18-GA,42,0,275.36,633.36,0.9739,0.605,0.9684,0.1446
GB-18-GA,42,1,275.36,633.36,0.9739,0.605,0.9684,0.1446
GB-18-GA,42,2,255.72,613.72,0.9751,0.5644,0.9853,0.4684
GB-18-GA,42,3,255.18,613.18,0.9711,0.5597,0.9684,0.1188
GB-18-GA,42,4,255.1,613.1,0.9767,0.546,0.9645,0.4684
GB-18-GA,42,5,254.96,612.96,0.9739,0.5645,0.9603,0.5264
GB-18-GA,42,6,254.12,612.12,0.9733,0.5,0.9643,0.5264
GB-18-GA,42,7,254.12,612.12,0.9733,0.5,0.9643,0.5264
GB-18-GA,42,8,254.0,612.0,0.9739,0.5,0.9603,0.1188
GB-18-GA,42,9,254.0,612.0,0.9739,0.5,0.9603,0.1188
GB-18-GA,42,10,254.0,612.0,0.9739,0.5,0.9603,0.1188
GB-18-GA,42,11,253.88,611.88,0.9733,0.5,0.9567,0.1188
GB-18-GA,42,12,253.88,611.88,0.9733,0.5,0.9567,0.1188
GB-18-GA,42,13,253.88,611.88,0.9733,0.5,0.9567,0.1188
GB-18-GA,42,14,253.88,611.88,0.9733,0.5,0.9567,0.1188
GB-18-GA,42,15,253.88,611.88,0.9733,0.5,0.9567,0.1188
GB-18-GA,42,16,253.88,611.88,0.9733,0.5,0.9567,0.1188
GB-18-GA,42,17,253.88,611.88,0.9733,0.5,0.9567,0.1188
GB-18-GA,42,18,253.88,611.88,0.9733,0.5,0.9567,0.1188
GB-18-GA,42,19,253.88,611.88,0.9733,0.5,0.9567,0.1188
GB-18-GA,42,20,253.88,611.88,0.9733,0.5,0.9567,0.1188
GB-18-GA,42,21,253.88,611.88,0.9733,0.5,0.9567,0.1188
GB-18-GA,42,22,253.88,611.88,0.9733,0.5,0.9567,0.1188
GB-18-GA,42,23,253.88,611.88,0.9733,0.5,0.9567,0.1188
GB-18-GA,42,24,253.88,611.88,0.9733,0.5,0.9567,0.1188
GB-18-GA,42,25,253.88,611.88,0.9733,0.5,0.9567,0.1188
GB-18-GA,42,26,253.88,611.88,0.9733,0.5,0.9567,0.1188
GB-18-GA,42,27,253.88,611.88,0.9733,0.5,0.9567,0.1188
GB-18-GA,42,28,253.88,611.88,0.9733,0.5,0.9567,0.1188
GB-18-GA,42,29,253.88,611.88,0.9733,0.5,0.9567,0.1188
GB-18-GA,42,30,253.88,611.88,0.9733,0.5,0.9567,0.1188
GB-18-GA,42,31,253.88,611.88,0.9733,0.5,0.9567,0.1188
GB-18-GA,42,32,253.88,611.88,0.9733,0.5,0.9567,0.1188
GB-18-GA,42,33,253.88,611.88,0.9733,0.5,0.9567,0.1188
GB-18-GA,42,34,253.88,611.88,0.9733,0.5,0.9567,0.1188
GB-18-GA,42,35,253.88,611.88,0.9733,0.5,0.9567,0.1188
GB-18-GA,42,36,253.88,611.88,0.9733,0.5,0.9567,0.1188
GB-18-GA,42,37,253.88,611.88,0.9733,0.5,0.9567,0.1188
GB-18-GA,42,38,253.88,611.88,0.9733,0.5,0.9567,0.1188
GB-18-GA,42,39,253.88,611.88,0.9733,0.5,0.9567,0.1188
GB-18-GA,123,0,287.84,645.84,0.9909,0.7502,0.9586,0.5188
GB-18-GA,123,1,287.78,645.78,0.9889,0.7713,0.9586,0.4793
GB-18-GA,123,2,257.88,615.88,0.9842,0.5874,0.962,0.5188
GB-18-GA,123,3,255.02,613.02,0.9889,0.5056,0.9586,0.4793
GB-18-GA,123,4,255.02,613.02,0.9889,0.5056,0.9586,0.4793
GB-18-GA,123,5,255.02,613.02,0.9889,0.5056,0.9586,0.4793
GB-18-GA,123,6,254.2,612.2,0.9909,0.5,0.962,0.4806
GB-18-GA,123,7,254.04,612.04,0.9889,0.5,0.9586,0.4793
GB-18-GA,123,8,253.98,611.98,0.9805,0.5,0.9586,0.469
GB-18-GA,123,9,253.96,611.96,0.9747,0.5,0.9586,0.4793
GB-18-GA,123,10,253.96,611.96,0.9747,0.5,0.9586,0.4793
GB-18-GA,123,11,253.96,611.96,0.9747,0.5,0.9586,0.4793
GB-18-GA,123,12,253.92,611.92,0.9747,0.5,0.9572,0.4793
GB-18-GA,123,13,253.92,611.92,0.9747,0.5,0.9572,0.4793
GB-18-GA,123,14,253.88,611.88,0.9747,0.5,0.9567,0.4749
GB-18-GA,123,15,253.88,611.88,0.9747,0.5,0.9567,0.4749
GB-18-GA,123,16,253.88,611.88,0.9747,0.5,0.9567,0.4749
GB-18-GA,123,17,253.88,611.88,0.9747,0.5,0.9567,0.4749
GB-18-GA,123,18,253.88,611.88,0.9747,0.5,0.9567,0.4749
GB-18-GA,123,19,253.88,611.88,0.9747,0.5,0.9567,0.4749
GB-18-GA,123,20,253.88,611.88,0.9747,0.5,0.9567,0.4749
GB-18-GA,123,21,253.88,611.88,0.9747,0.5,0.9567,0.4749
GB-18-GA,123,22,253.88,611.88,0.9747,0.5,0.9567,0.4749
GB-18-GA,123,23,253.88,611.88,0.9747,0.5,0.9567,0.4749
GB-18-GA,123,24,253.88,611.88,0.9747,0.5,0.9567,0.4749
GB-18-GA,123,25,253.88,611.88,0.9747,0.5,0.9567,0.4749
GB-18-GA,123,26,253.88,611.88,0.9747,0.5,0.9567,0.4749
GB-18-GA,123,27,253.88,611.88,0.9747,0.5,0.9567,0.4749
GB-18-GA,123,28,253.88,611.88,0.9747,0.5,0.9567,0.4749
GB-18-GA,123,29,253.88,611.88,0.9747,0.5,0.9567,0.4749
GB-18-GA,123,30,253.88,611.88,0.9747,0.5,0.9567,0.4749
GB-18-GA,123,31,253.88,611.88,0.9747,0.5,0.9567,0.4749
GB-18-GA,123,32,253.88,611.88,0.9747,0.5,0.9567,0.4749
GB-18-GA,123,33,253.88,611.88,0.9747,0.5,0.9567,0.4749
GB-18-GA,123,34,253.88,611.88,0.9747,0.5,0.9567,0.4749
GB-18-GA,123,35,253.88,611.88,0.9747,0.5,0.9567,0.4749
GB-18-GA,123,36,253.88,611.88,0.9747,0.5,0.9567,0.4749
GB-18-GA,123,37,253.88,611.88,0.9747,0.5,0.9567,0.4749
GB-18-GA,123,38,253.88,611.88,0.9747,0.5,0.9567,0.4749
GB-18-GA,123,39,253.88,611.88,0.9747,0.5,0.9567,0.4749
GB-18-GA,999,0,288.06,646.06,0.9109,0.5576,0.9561,0.5856
GB-18-GA,999,1,276.12,634.12,0.9814,0.6013,0.9979,0.2472
GB-18-GA,999,2,275.54,633.54,0.977,0.6488,0.9735,0.2631
GB-18-GA,999,3,254.98,612.98,0.9951,0.5443,0.9561,0.3579
GB-18-GA,999,4,254.98,612.98,0.9951,0.5443,0.9561,0.3579
GB-18-GA,999,5,254.98,612.98,0.9951,0.5443,0.9561,0.3579
GB-18-GA,999,6,254.12,612.12,0.9713,0.5,0.9649,0.5986
GB-18-GA,999,7,253.88,611.88,0.9713,0.5,0.9561,0.5986
GB-18-GA,999,8,253.88,611.88,0.9713,0.5,0.9561,0.5986
GB-18-GA,999,9,253.88,611.88,0.9713,0.5,0.9561,0.5986
GB-18-GA,999,10,253.86,611.86,0.9713,0.5,0.9561,0.6065
GB-18-GA,999,11,253.86,611.86,0.9713,0.5,0.9561,0.6065
GB-18-GA,999,12,253.86,611.86,0.9713,0.5,0.9561,0.6065
GB-18-GA,999,13,253.86,611.86,0.9713,0.5,0.9561,0.6065
GB-18-GA,999,14,253.86,611.86,0.9713,0.5,0.9561,0.6065
GB-18-GA,999,15,253.86,611.86,0.9713,0.5,0.9561,0.6065
GB-18-GA,999,16,253.84,611.84,0.9713,0.5,0.9561,0.6532
GB-18-GA,999,17,253.84,611.84,0.9713,0.5,0.9561,0.6532
GB-18-GA,999,18,253.84,611.84,0.9713,0.5,0.9561,0.6532
GB-18-GA,999,19,253.84,611.84,0.9713,0.5,0.9561,0.6532
GB-18-GA,999,20,253.84,611.84,0.9713,0.5,0.9561,0.6532
GB-18-GA,999,21,253.84,611.84,0.9713,0.5,0.9561,0.6532
GB-18-GA,999,22,253.84,611.84,0.9713,0.5,0.9561,0.6532
GB-18-GA,999,23,253.84,611.84,0.9713,0.5,0.9561,0.6532
GB-18-GA,999,24,253.84,611.84,0.9713,0.5,0.9561,0.6532
GB-18-GA,999,25,253.84,611.84,0.9713,0.5,0.9561,0.6532
GB-18-GA,999,26,253.84,611.84,0.9713,0.5,0.9561,0.6532
GB-18-GA,999,27,253.84,611.84,0.9713,0.5,0.9561,0.6532
GB-18-GA,999,28,253.84,611.84,0.9713,0.5,0.9561,0.6532
GB-18-GA,999,29,253.84,611.84,0.9713,0.5,0.9561,0.6532
GB-18-GA,999,30,253.84,611.84,0.9713,0.5,0.9561,0.6532
GB-18-GA,999,31,253.84,611.84,0.9713,0.5,0.9561,0.6532
GB-18-GA,999,32,253.84,611.84,0.9713,0.5,0.9561,0.6532
GB-18-GA,999,33,253.84,611.84,0.9713,0.5,0.9561,0.6532
GB-18-GA,999,34,253.84,611.84,0.9713,0.5,0.9561,0.6532
GB-18-GA,999,35,253.84,611.84,0.9713,0.5,0.9561,0.6532
GB-18-GA,999,36,253.84,611.84,0.9713,0.5,0.9561,0.6532
GB-18-GA,999,37,253.84,611.84,0.9713,0.5,0.9561,0.6532
GB-18-GA,999,38,253.84,611.84,0.9713,0.5,0.9561,0.6532
GB-18-GA,999,39,253.84,611.84,0.9713,0.5,0.9561,0.6532
GB-18-GA,2025,0,288.08,646.08,0.9165,0.5614,0.987,0.2543
GB-18-GA,2025,1,276.1,634.1,0.9708,0.6718,0.9951,0.2336
GB-18-GA,2025,2,255.22,613.22,0.999,0.5591,0.9655,0.2933
GB-18-GA,2025,3,255.08,613.06,0.9708,0.5614,0.9632,0.2021
GB-18-GA,2025,4,255.04,613.04,0.9917,0.5591,0.9582,0.2543
GB-18-GA,2025,5,254.92,612.92,0.9724,0.563,0.9591,0.3019
GB-18-GA,2025,6,254.9,612.9,0.9708,0.5591,0.9582,0.2021
GB-18-GA,2025,7,254.9,612.9,0.9708,0.5591,0.9582,0.2021
GB-18-GA,2025,8,254.9,612.9,0.9708,0.5591,0.9582,0.2021
GB-18-GA,2025,9,254.84,612.84,0.9724,0.563,0.9561,0.3193
GB-18-GA,2025,10,254.84,612.84,0.9724,0.563,0.9561,0.3193
GB-18-GA,2025,11,254.84,612.84,0.9724,0.563,0.9561,0.3193
GB-18-GA,2025,12,254.84,612.84,0.9724,0.563,0.9561,0.3193
GB-18-GA,2025,13,254.84,612.84,0.9724,0.563,0.9561,0.3193
GB-18-GA,2025,14,253.88,611.88,0.9708,0.5,0.9568,0.1566
GB-18-GA,2025,15,253.88,611.88,0.9708,0.5,0.9568,0.1566
GB-18-GA,2025,16,253.88,611.88,0.9708,0.5,0.9568,0.1566
GB-18-GA,2025,17,253.88,611.88,0.9708,0.5,0.9568,0.1566
GB-18-GA,2025,18,253.88,611.88,0.9708,0.5,0.9568,0.1566
GB-18-GA,2025,19,253.88,611.88,0.9708,0.5,0.9568,0.1566
GB-18-GA,2025,20,253.88,611.88,0.9708,0.5,0.9568,0.1566
GB-18-GA,2025,21,253.88,611.88,0.9708,0.5,0.9568,0.1566
GB-18-GA,2025,22,253.88,611.88,0.9708,0.5,0.9568,0.1566
GB-18-GA,2025,23,253.88,611.88,0.9708,0.5,0.9568,0.1566
GB-18-GA,2025,24,253.88,611.88,0.9708,0.5,0.9568,0.1566
GB-18-GA,2025,25,253.88,611.88,0.9708,0.5,0.9568,0.1566
GB-18-GA,2025,26,253.88,611.88,0.9708,0.5,0.9568,0.1566
GB-18-GA,2025,27,253.88,611.88,0.9708,0.5,0.9568,0.1566
GB-18-GA,2025,28,253.88,611.88,0.9708,0.5,0.9568,0.1566
GB-18-GA,2025,29,253.88,611.88,0.9708,0.5,0.9568,0.1566
GB-18-GA,2025,30,253.88,611.88,0.9708,0.5,0.9568,0.1566
GB-18-GA,2025,31,253.88,611.88,0.9708,0.5,0.9568,0.1566
GB-18-GA,2025,32,253.88,611.88,0.9708,0.5,0.9568,0.1566
GB-18-GA,2025,33,253.88,611.88,0.9708,0.5,0.9568,0.1566
GB-18-GA,2025,34,253.88,611.88,0.9708,0.5,0.9568,0.1566
GB-18-GA,2025,35,253.88,611.88,0.9708,0.5,0.9568,0.1566
GB-18-GA,2025,36,253.88,611.88,0.9708,0.5,0.9568,0.1566
GB-18-GA,2025,37,253.88,611.88,0.9708,0.5,0.9568,0.1566
GB-18-GA,2025,38,253.88,611.88,0.9708,0.5,0.9568,0.1566
GB-18-GA,2025,39,253.88,611.88,0.9708,0.5,0.9568,0.1566
